"region","valår","Moderaterna","Centerpartiet","Folkpartiet","Kristdemokraterna","Miljöpartiet","Socialdemokraterna","Vänsterpartiet","Sverigedemokraterna","övriga partier"
"0114 Upplands Väsby","2002",18.7,2.4,16.4,8.3,4.5,38.8,8.3,1.1,1.5
"0114 Upplands Väsby","2006",34.5,4.0,9.0,6.3,5.2,30.6,5.8,2.5,2.1
"0114 Upplands Väsby","2010",36.7,4.0,8.3,5.5,7.0,27.2,5.2,4.8,1.3
"0115 Vallentuna","2002",22.3,4.5,19.2,11.2,5.7,29.7,5.5,1.2,0.8
"0115 Vallentuna","2006",42.1,7.5,8.8,7.1,6.1,20.9,3.4,1.8,2.3
"0115 Vallentuna","2010",44.5,7.3,8.7,6.5,7.7,16.9,3.0,4.0,1.4
"0117 Österåker","2002",24.0,2.6,19.7,9.8,4.9,31.7,5.6,0.8,0.9
"0117 Österåker","2006",42.3,5.6,9.3,7.3,5.6,22.8,3.6,1.8,1.7
"0117 Österåker","2010",45.5,5.8,9.2,6.2,7.5,17.8,3.3,3.5,1.2
"0120 Värmdö","2002",24.2,2.5,18.1,8.7,5.6,32.4,7.0,0.8,0.7
"0120 Värmdö","2006",42.9,5.5,8.4,6.2,6.4,22.4,4.3,2.1,1.8
"0120 Värmdö","2010",45.9,5.8,7.6,5.4,8.6,17.6,3.6,4.1,1.3
"0123 Järfälla","2002",18.6,2.0,18.3,9.3,4.7,37.2,7.8,1.3,0.9
"0123 Järfälla","2006",34.1,4.1,9.5,6.8,5.5,30.1,5.6,2.2,2.1
"0123 Järfälla","2010",36.4,4.2,8.4,6.0,7.8,25.7,5.3,4.8,1.4
"0125 Ekerö","2002",26.1,3.8,20.4,10.5,6.4,25.8,5.2,0.8,1.0
"0125 Ekerö","2006",44.7,7.0,10.3,7.4,6.6,17.1,3.3,1.4,2.2
"0125 Ekerö","2010",47.1,7.3,9.3,7.1,8.2,13.2,3.2,3.4,1.1
"0126 Huddinge","2002",19.5,1.9,17.0,8.1,4.7,37.3,8.3,1.7,1.5
"0126 Huddinge","2006",35.2,4.2,9.1,6.2,5.4,29.1,5.7,2.7,2.3
"0126 Huddinge","2010",38.7,4.4,7.7,5.2,7.6,24.8,5.3,4.8,1.5
"0127 Botkyrka","2002",13.8,1.6,14.3,9.6,4.7,43.1,10.3,1.2,1.4
"0127 Botkyrka","2006",27.0,3.3,7.7,6.7,5.4,38.4,7.2,2.2,2.1
"0127 Botkyrka","2010",30.0,2.8,6.2,5.1,6.9,35.7,7.1,4.9,1.4
"0128 Salem","2002",19.8,2.2,18.5,9.5,5.0,36.2,6.0,1.6,1.1
"0128 Salem","2006",35.5,4.9,9.6,6.4,5.8,28.8,4.1,2.6,2.3
"0128 Salem","2010",38.6,5.7,9.2,5.4,7.8,22.6,4.0,5.2,1.4
"0136 Haninge","2002",16.1,2.0,14.7,8.1,5.0,42.0,9.0,0.9,2.3
"0136 Haninge","2006",32.6,3.9,7.9,5.9,5.5,33.3,5.9,2.3,2.8
"0136 Haninge","2010",36.8,3.9,6.9,4.5,7.3,28.0,5.0,5.7,1.9
"0138 Tyresö","2002",21.8,2.0,18.4,7.8,4.9,35.2,7.2,1.0,1.6
"0138 Tyresö","2006",38.6,4.9,9.3,5.9,6.1,26.2,4.9,1.5,2.6
"0138 Tyresö","2010",42.2,4.8,8.4,5.5,8.2,21.5,4.0,4.1,1.3
"0139 Upplands-Bro","2002",18.0,2.8,15.5,10.9,3.8,39.4,7.9,0.8,0.9
"0139 Upplands-Bro","2006",31.9,4.4,7.7,8.4,5.0,32.4,5.7,2.6,1.9
"0139 Upplands-Bro","2010",35.1,4.2,8.2,7.0,6.8,27.7,4.5,5.2,1.4
"0140 Nykvarn","2002",17.6,4.8,14.0,8.2,4.2,42.9,5.2,1.9,1.2
"0140 Nykvarn","2006",34.6,7.1,7.2,5.8,4.1,32.6,2.8,2.9,2.9
"0140 Nykvarn","2010",41.7,5.1,6.9,5.0,6.1,23.9,2.5,7.3,1.5
"0160 Täby","2002",35.1,2.0,25.3,9.6,3.6,19.5,3.4,0.9,0.6
"0160 Täby","2006",53.8,5.2,11.2,7.5,3.8,13.8,2.1,1.1,1.5
"0160 Täby","2010",50.8,7.8,11.5,8.7,5.2,10.7,1.9,2.3,1.0
"0162 Danderyd","2002",45.1,1.9,24.7,10.7,3.2,11.2,2.1,0.5,0.7
"0162 Danderyd","2006",59.7,6.3,10.6,9.4,3.0,7.8,1.2,0.7,1.2
"0162 Danderyd","2010",52.1,11.1,10.1,13.3,3.9,5.8,1.2,1.7,0.8
"0163 Sollentuna","2002",24.5,2.5,21.5,9.9,4.7,29.2,5.9,1.0,0.6
"0163 Sollentuna","2006",41.1,6.0,10.9,7.6,5.2,21.8,4.1,1.3,2.0
"0163 Sollentuna","2010",42.2,7.0,9.8,7.7,7.3,17.8,3.8,3.2,1.3
"0180 Stockholm","2002",21.0,1.8,19.5,6.6,6.8,31.4,10.9,1.0,1.0
"0180 Stockholm","2006",35.1,5.6,10.0,5.0,9.3,23.2,7.4,1.6,2.7
"0180 Stockholm","2010",34.3,6.3,8.6,5.3,12.2,20.9,7.4,3.2,1.8
"0181 Södertälje","2002",14.5,3.4,12.9,9.7,6.0,42.3,7.5,0.7,3.1
"0181 Södertälje","2006",26.8,5.4,7.1,7.2,6.4,36.0,5.6,1.9,3.5
"0181 Södertälje","2010",29.5,3.9,6.2,5.4,8.3,34.0,5.2,5.6,2.0
"0182 Nacka","2002",27.4,1.7,22.0,7.9,5.4,26.9,6.9,0.9,0.9
"0182 Nacka","2006",43.8,5.7,10.2,6.3,6.6,19.9,4.3,1.3,1.9
"0182 Nacka","2010",44.0,7.4,9.0,6.9,8.7,16.0,4.0,2.7,1.3
"0183 Sundbyberg","2002",19.2,2.0,17.2,6.4,5.6,37.3,9.7,1.5,1.1
"0183 Sundbyberg","2006",33.4,4.6,9.2,4.4,7.0,29.8,7.0,2.1,2.6
"0183 Sundbyberg","2010",34.6,4.5,7.9,4.0,9.9,25.9,6.9,4.4,1.8
"0184 Solna","2002",21.8,1.8,19.4,6.9,5.5,33.3,9.3,0.9,1.1
"0184 Solna","2006",37.8,5.1,10.7,5.1,7.0,24.4,6.0,1.6,2.3
"0184 Solna","2010",38.1,5.8,9.1,5.4,10.0,20.6,6.1,3.4,1.6
"0186 Lidingö","2002",36.4,1.8,26.5,9.3,4.1,17.0,3.5,0.8,0.5
"0186 Lidingö","2006",52.9,6.4,11.9,8.1,4.3,11.5,2.2,1.4,1.2
"0186 Lidingö","2010",48.7,10.1,10.7,10.0,5.7,9.2,1.9,2.7,0.9
"0187 Vaxholm","2002",26.3,3.6,23.1,9.7,4.9,25.7,5.7,0.6,0.5
"0187 Vaxholm","2006",46.6,6.9,8.9,7.8,6.9,17.2,2.9,1.1,1.7
"0187 Vaxholm","2010",48.5,8.5,9.3,6.9,7.6,12.4,3.0,2.7,1.2
"0188 Norrtälje","2002",17.3,8.6,13.1,8.3,4.6,39.3,6.2,0.5,2.0
"0188 Norrtälje","2006",32.0,9.5,6.7,6.3,4.9,31.5,4.8,2.1,2.2
"0188 Norrtälje","2010",36.1,8.0,6.6,4.9,7.2,26.5,4.5,5.0,1.3
"0191 Sigtuna","2002",20.1,3.7,15.4,9.3,4.2,38.1,6.8,1.7,0.6
"0191 Sigtuna","2006",34.7,5.3,7.6,6.3,4.5,32.9,4.1,2.5,2.1
"0191 Sigtuna","2010",38.2,4.5,7.1,5.9,6.3,27.9,3.8,5.0,1.2
"0192 Nynäshamn","2002",15.8,3.6,13.2,8.7,4.9,42.8,8.8,1.8,0.5
"0192 Nynäshamn","2006",31.3,5.1,6.6,6.0,5.2,34.9,5.7,3.0,2.2
"0192 Nynäshamn","2010",35.0,4.5,6.3,4.8,7.2,29.3,5.4,6.1,1.4
"0305 Håbo","2002",23.3,4.0,13.9,10.9,3.8,36.6,5.0,1.0,1.4
"0305 Håbo","2006",39.6,5.9,6.8,6.3,3.9,28.8,3.6,2.3,2.7
"0305 Håbo","2010",42.6,5.0,7.2,4.7,5.5,24.9,3.1,5.9,1.1
"0319 Älvkarleby","2002",6.8,3.2,8.2,4.8,3.5,61.2,10.0,2.3,0.1
"0319 Älvkarleby","2006",14.6,4.6,5.0,3.7,3.5,54.4,7.6,3.8,2.9
"0319 Älvkarleby","2010",19.3,3.2,5.0,2.5,5.2,48.9,6.8,7.9,1.0
"0330 Knivsta","2002",20.1,6.8,17.9,10.5,5.0,31.8,5.5,1.6,0.8
"0330 Knivsta","2006",34.0,10.1,9.9,7.9,5.5,24.3,3.6,2.6,2.2
"0330 Knivsta","2010",38.2,9.2,9.5,7.1,7.4,19.2,3.5,4.4,1.4
"0331 Heby","2002",9.6,16.9,8.4,10.5,3.5,40.5,8.4,1.4,0.8
"0331 Heby","2006",18.9,17.0,5.0,7.1,3.1,36.7,5.9,3.8,2.4
"0331 Heby","2010",23.8,14.4,5.2,5.5,4.3,33.9,4.8,6.9,1.3
"0360 Tierp","2002",8.2,12.5,8.1,7.7,3.7,50.7,7.3,1.5,0.4
"0360 Tierp","2006",14.7,14.3,5.5,5.5,3.6,45.8,5.5,3.1,2.0
"0360 Tierp","2010",20.6,10.4,4.6,3.6,4.7,42.9,5.3,6.3,1.6
"0380 Uppsala","2002",15.1,5.1,18.6,8.9,6.9,33.7,9.4,1.5,0.9
"0380 Uppsala","2006",26.9,8.6,11.3,7.0,7.8,26.9,6.5,2.0,3.0
"0380 Uppsala","2010",29.5,7.6,9.1,6.4,11.2,24.0,6.4,3.8,2.0
"0381 Enköping","2002",16.3,11.4,10.8,9.6,3.5,40.0,5.4,0.8,2.1
"0381 Enköping","2006",29.1,12.5,5.2,5.9,4.4,34.2,3.8,2.2,2.7
"0381 Enköping","2010",34.8,10.0,5.3,4.6,6.0,29.1,3.6,5.4,1.1
"0382 Östhammar","2002",12.9,12.2,8.7,7.9,3.9,46.0,6.5,1.2,0.6
"0382 Östhammar","2006",23.5,13.1,6.0,5.5,3.7,39.4,4.4,2.3,2.0
"0382 Östhammar","2010",28.2,10.7,5.8,4.2,4.4,35.3,4.5,5.5,1.3
"0428 Vingåker","2002",11.1,7.5,8.6,8.2,5.0,53.0,5.0,0.7,0.9
"0428 Vingåker","2006",18.4,7.8,4.1,6.1,4.5,51.0,4.0,2.8,1.3
"0428 Vingåker","2010",24.1,6.9,4.1,4.7,6.5,41.5,4.1,7.3,0.9
"0461 Gnesta","2002",14.5,10.4,11.4,8.5,6.5,40.3,6.6,0.6,1.2
"0461 Gnesta","2006",26.1,11.3,5.5,5.6,7.3,34.5,4.9,2.5,2.3
"0461 Gnesta","2010",29.5,8.9,5.8,4.0,9.8,28.7,5.7,6.0,1.6
"0480 Nyköping","2002",13.0,6.0,11.3,9.3,4.3,47.4,7.4,0.8,0.6
"0480 Nyköping","2006",23.6,7.3,6.7,7.5,5.2,40.4,4.8,2.4,2.0
"0480 Nyköping","2010",27.9,6.0,7.0,5.4,8.2,34.4,4.8,5.3,1.1
"0481 Oxelösund","2002",9.8,1.9,8.8,5.9,4.7,56.2,11.7,0.5,0.5
"0481 Oxelösund","2006",18.5,3.4,5.7,4.6,4.7,50.7,8.1,2.3,1.9
"0481 Oxelösund","2010",23.1,2.8,5.3,3.3,7.2,44.2,7.8,4.8,1.4
"0482 Flen","2002",12.1,7.5,9.3,8.7,4.5,48.1,7.5,1.0,1.2
"0482 Flen","2006",20.2,8.7,4.9,5.6,4.3,46.5,5.4,2.7,1.7
"0482 Flen","2010",24.2,8.2,4.8,4.9,5.9,38.7,5.5,6.9,0.9
"0483 Katrineholm","2002",10.9,6.0,9.8,7.8,5.0,52.7,5.6,1.2,1.0
"0483 Katrineholm","2006",19.1,6.7,7.2,5.7,5.2,48.0,4.3,2.4,1.5
"0483 Katrineholm","2010",25.0,6.3,6.8,4.3,7.6,38.4,4.6,6.3,0.8
"0484 Eskilstuna","2002",12.2,4.4,12.6,7.6,5.0,47.8,7.8,1.3,1.3
"0484 Eskilstuna","2006",21.6,6.0,6.9,5.8,5.4,44.1,5.4,2.8,2.1
"0484 Eskilstuna","2010",26.2,4.6,6.7,4.4,7.9,35.8,5.4,7.9,1.0
"0486 Strängnäs","2002",18.4,5.4,16.3,9.5,4.5,38.5,5.9,0.5,1.1
"0486 Strängnäs","2006",32.4,7.6,8.3,6.7,4.7,32.5,3.7,2.2,2.0
"0486 Strängnäs","2010",35.2,6.7,7.7,5.4,6.7,26.8,4.2,6.3,1.0
"0488 Trosa","2002",19.0,5.1,13.4,9.3,5.3,41.0,5.5,0.6,0.7
"0488 Trosa","2006",35.2,6.3,7.9,7.0,4.9,31.0,3.4,1.9,2.4
"0488 Trosa","2010",41.3,5.2,7.0,5.4,7.4,23.5,3.5,5.8,1.0
"0509 Ödeshög","2002",12.2,14.0,5.9,18.4,4.6,38.1,5.5,0.3,1.1
"0509 Ödeshög","2006",20.8,12.8,4.0,13.6,3.8,35.7,3.8,2.8,2.6
"0509 Ödeshög","2010",26.5,9.6,3.8,12.4,5.9,31.2,3.8,5.9,0.9
"0512 Ydre","2002",10.4,16.9,8.3,21.4,4.8,33.0,4.3,0.0,0.8
"0512 Ydre","2006",20.3,19.0,4.3,14.4,3.8,30.8,3.6,2.6,1.2
"0512 Ydre","2010",25.5,16.0,5.1,11.3,4.9,28.2,2.9,5.8,0.4
"0513 Kinda","2002",11.1,16.3,8.1,14.4,4.2,38.5,5.8,1.0,0.5
"0513 Kinda","2006",20.8,16.2,3.7,8.4,4.0,38.0,4.2,2.5,2.3
"0513 Kinda","2010",25.0,13.2,5.0,6.7,6.3,32.1,4.7,6.3,0.7
"0560 Boxholm","2002",7.4,11.4,5.9,9.8,3.2,53.4,7.5,0.6,0.8
"0560 Boxholm","2006",13.5,11.2,2.9,8.0,3.0,50.5,5.5,2.5,2.9
"0560 Boxholm","2010",20.2,9.1,3.7,5.1,4.9,45.4,5.7,5.4,0.5
"0561 Åtvidaberg","2002",11.0,9.7,7.7,10.1,3.7,49.0,6.7,0.7,1.4
"0561 Åtvidaberg","2006",19.8,10.3,4.2,7.0,3.1,46.4,4.7,2.2,2.4
"0561 Åtvidaberg","2010",25.2,8.2,4.8,5.1,5.2,41.4,4.4,5.0,0.6
"0562 Finspång","2002",9.7,5.7,8.3,9.6,4.0,51.6,9.5,0.9,0.6
"0562 Finspång","2006",18.0,7.0,4.7,7.0,4.1,47.1,6.6,2.7,2.8
"0562 Finspång","2010",22.2,5.6,4.6,5.8,5.8,43.9,6.1,5.3,0.7
"0563 Valdemarsvik","2002",13.9,15.5,7.7,9.1,3.4,43.4,5.8,0.4,0.8
"0563 Valdemarsvik","2006",22.9,14.7,4.2,6.6,2.7,40.2,4.0,2.5,2.3
"0563 Valdemarsvik","2010",26.2,11.9,4.2,5.2,4.4,37.0,4.1,6.4,0.6
"0580 Linköping","2002",16.0,5.1,15.1,10.7,5.4,38.2,7.0,0.7,1.9
"0580 Linköping","2006",27.4,7.2,8.6,7.7,6.2,32.8,4.8,1.7,3.7
"0580 Linköping","2010",30.6,6.3,8.8,6.4,9.4,27.6,4.7,4.5,1.7
"0581 Norrköping","2002",16.7,3.8,11.6,9.1,5.1,42.3,7.8,1.4,2.2
"0581 Norrköping","2006",26.1,5.6,6.0,6.4,5.5,37.1,5.8,2.8,4.6
"0581 Norrköping","2010",30.2,4.7,6.0,5.2,7.9,32.5,5.7,6.1,1.8
"0582 Söderköping","2002",19.0,10.4,10.3,11.5,5.4,35.3,5.8,1.3,1.1
"0582 Söderköping","2006",28.6,11.7,5.3,7.6,5.3,30.9,4.4,2.7,3.5
"0582 Söderköping","2010",33.7,10.0,5.9,6.6,7.1,26.2,4.2,5.0,1.3
"0583 Motala","2002",10.8,5.1,10.2,9.0,4.1,49.4,7.6,0.4,3.4
"0583 Motala","2006",21.0,6.2,6.1,5.9,4.0,44.1,5.8,2.6,4.3
"0583 Motala","2010",24.0,4.6,6.2,4.6,5.2,42.9,5.5,5.7,1.3
"0584 Vadstena","2002",16.7,6.8,10.2,12.0,4.8,40.7,5.3,0.6,2.8
"0584 Vadstena","2006",27.9,8.1,5.4,8.0,4.2,36.0,4.3,2.6,3.4
"0584 Vadstena","2010",31.1,6.2,6.8,6.7,6.6,32.9,3.9,5.0,0.9
"0586 Mjölby","2002",12.7,8.0,9.9,10.1,3.4,46.4,7.2,0.3,2.1
"0586 Mjölby","2006",21.5,8.6,5.5,7.2,3.2,42.9,4.6,2.0,4.5
"0586 Mjölby","2010",26.0,6.8,6.4,5.7,5.8,37.8,5.1,4.8,1.6
"0604 Aneby","2002",9.2,11.6,7.4,28.3,2.9,34.4,4.3,0.6,1.4
"0604 Aneby","2006",17.6,13.1,4.9,22.0,2.8,31.5,3.2,3.3,1.6
"0604 Aneby","2010",22.6,12.3,5.0,17.7,4.6,26.6,3.0,7.6,0.6
"0617 Gnosjö","2002",12.9,6.6,7.5,30.6,1.9,34.4,3.6,1.5,0.9
"0617 Gnosjö","2006",21.5,7.5,4.0,25.1,2.3,31.7,2.5,3.7,1.8
"0617 Gnosjö","2010",25.3,7.9,4.8,19.1,2.9,29.6,2.7,7.0,0.8
"0642 Mullsjö","2002",12.0,5.3,8.0,25.6,4.3,35.3,7.0,0.8,1.6
"0642 Mullsjö","2006",20.9,7.2,5.0,19.8,4.1,32.6,4.8,3.0,2.8
"0642 Mullsjö","2010",25.6,5.0,5.2,18.8,5.8,27.8,4.8,6.1,0.9
"0643 Habo","2002",14.9,6.1,9.4,23.7,2.9,36.0,5.1,0.4,1.6
"0643 Habo","2006",24.8,7.0,5.6,19.4,3.2,31.7,3.4,3.4,1.5
"0643 Habo","2010",30.3,5.5,6.0,16.3,5.2,27.0,3.1,6.1,0.5
"0662 Gislaved","2002",14.1,10.6,8.9,14.7,2.7,41.4,4.7,1.5,1.3
"0662 Gislaved","2006",25.0,10.5,5.4,10.0,2.7,36.7,3.1,4.6,2.0
"0662 Gislaved","2010",28.4,9.7,5.3,7.6,3.9,34.4,2.9,7.2,0.6
"0665 Vaggeryd","2002",10.7,7.4,6.6,24.8,2.6,40.5,5.0,1.0,1.3
"0665 Vaggeryd","2006",19.8,8.4,4.6,19.1,2.5,37.3,3.5,3.8,1.1
"0665 Vaggeryd","2010",24.6,7.8,4.4,14.8,3.6,33.3,3.3,7.4,0.7
"0680 Jönköping","2002",13.2,4.1,10.7,19.9,3.6,39.7,6.5,1.0,1.3
"0680 Jönköping","2006",22.9,5.8,6.0,17.0,4.1,34.5,5.0,2.6,2.1
"0680 Jönköping","2010",27.9,5.3,6.3,13.5,6.4,29.5,4.8,5.5,0.8
"0682 Nässjö","2002",11.5,7.4,7.1,17.7,3.3,43.5,7.3,0.9,1.2
"0682 Nässjö","2006",19.2,8.0,4.1,14.0,3.5,40.9,5.4,3.2,1.7
"0682 Nässjö","2010",24.1,7.0,4.9,11.0,5.2,34.4,5.0,7.7,0.7
"0683 Värnamo","2002",12.3,8.8,8.8,20.9,2.7,40.1,4.0,1.3,1.0
"0683 Värnamo","2006",22.1,10.6,5.0,15.5,2.8,35.9,3.0,3.8,1.3
"0683 Värnamo","2010",25.1,11.7,4.7,12.6,4.3,31.4,2.9,6.6,0.5
"0684 Sävsjö","2002",12.9,13.6,6.0,25.6,2.2,32.6,4.5,1.4,1.3
"0684 Sävsjö","2006",20.4,13.4,3.8,20.9,1.8,30.4,3.1,4.8,1.4
"0684 Sävsjö","2010",25.0,12.3,4.4,17.7,2.8,25.3,3.0,9.2,0.3
"0685 Vetlanda","2002",11.2,12.2,8.1,19.7,3.0,38.2,5.8,0.8,1.0
"0685 Vetlanda","2006",19.7,13.0,5.5,14.4,3.2,35.9,4.4,2.7,1.3
"0685 Vetlanda","2010",25.3,11.4,5.5,11.3,4.5,30.4,4.3,6.6,0.6
"0686 Eksjö","2002",13.2,11.3,9.0,19.4,3.6,37.1,4.9,0.8,0.8
"0686 Eksjö","2006",23.9,12.2,5.6,13.9,3.7,32.7,3.7,2.8,1.6
"0686 Eksjö","2010",28.6,11.1,6.0,11.2,5.2,27.7,3.6,5.8,0.7
"0687 Tranås","2002",13.0,5.6,8.5,17.8,3.5,43.8,6.2,0.4,1.3
"0687 Tranås","2006",22.0,6.9,5.3,12.5,3.8,40.2,4.6,2.9,1.8
"0687 Tranås","2010",26.8,6.4,5.4,9.6,6.3,34.8,3.9,6.4,0.5
"0760 Uppvidinge","2002",10.6,15.9,6.8,9.0,2.7,43.4,8.9,2.4,0.3
"0760 Uppvidinge","2006",20.5,15.9,3.4,6.5,2.7,37.8,6.0,5.7,1.5
"0760 Uppvidinge","2010",25.6,14.3,4.0,5.3,3.7,32.6,5.0,9.1,0.4
"0761 Lessebo","2002",10.1,8.1,7.5,6.5,3.6,53.2,9.4,1.2,0.4
"0761 Lessebo","2006",18.2,9.6,4.0,4.1,3.5,48.2,7.6,3.0,1.9
"0761 Lessebo","2010",24.1,7.5,4.4,3.0,5.7,41.6,5.7,7.6,0.4
"0763 Tingsryd","2002",14.9,17.7,6.2,11.9,3.3,36.5,6.0,2.2,1.2
"0763 Tingsryd","2006",26.2,15.9,4.2,7.6,2.9,33.7,4.0,3.9,1.6
"0763 Tingsryd","2010",30.4,15.3,4.0,5.8,3.8,29.4,3.5,7.3,0.5
"0764 Alvesta","2002",13.0,13.6,8.8,11.2,3.3,40.2,7.2,2.2,0.7
"0764 Alvesta","2006",24.1,13.0,5.1,7.5,3.2,36.9,4.4,3.8,2.0
"0764 Alvesta","2010",30.3,11.2,4.7,5.4,4.3,31.0,4.5,7.8,0.8
"0765 Älmhult","2002",14.8,11.4,8.7,10.7,3.3,44.5,4.7,1.3,0.5
"0765 Älmhult","2006",24.4,12.7,4.9,7.9,3.5,37.5,3.4,4.7,1.1
"0765 Älmhult","2010",29.9,11.0,4.8,5.9,5.5,31.5,3.3,7.3,0.9
"0767 Markaryd","2002",11.8,10.0,6.6,16.1,2.6,44.2,5.0,3.0,0.8
"0767 Markaryd","2006",19.8,10.4,3.7,12.6,2.4,41.3,2.8,4.8,2.2
"0767 Markaryd","2010",27.4,9.6,3.5,10.1,3.6,33.2,2.8,9.2,0.6
"0780 Växjö","2002",15.9,7.6,12.3,10.0,4.9,38.8,8.2,1.5,0.8
"0780 Växjö","2006",26.7,8.7,7.2,7.7,5.5,33.9,5.5,2.8,2.0
"0780 Växjö","2010",31.6,7.5,7.1,5.9,7.7,28.8,5.2,5.1,1.0
"0781 Ljungby","2002",12.2,14.4,8.5,12.9,3.9,39.5,6.5,1.2,0.9
"0781 Ljungby","2006",23.2,14.0,5.0,9.1,3.5,35.8,4.5,3.2,1.6
"0781 Ljungby","2010",27.9,12.8,5.1,7.1,5.1,30.7,4.3,6.1,0.9
"0821 Högsby","2002",9.6,12.8,5.3,14.3,2.3,46.1,8.2,0.8,0.5
"0821 Högsby","2006",15.8,14.7,4.2,7.1,2.1,44.7,5.1,5.2,1.1
"0821 Högsby","2010",21.3,11.3,3.4,6.1,3.7,41.3,4.3,7.5,1.1
"0834 Torsås","2002",13.1,19.2,6.5,12.9,3.5,39.1,4.5,0.6,0.6
"0834 Torsås","2006",20.5,17.5,3.8,8.9,3.2,37.0,3.1,4.0,2.1
"0834 Torsås","2010",25.3,14.5,3.6,6.0,4.6,34.0,3.8,7.2,0.8
"0840 Mörbylånga","2002",15.3,13.2,10.5,12.0,3.9,37.7,6.4,0.6,0.5
"0840 Mörbylånga","2006",25.2,13.3,6.0,7.1,4.2,34.9,4.1,3.0,2.0
"0840 Mörbylånga","2010",31.2,11.0,5.8,6.5,6.3,28.1,4.3,5.9,0.9
"0860 Hultsfred","2002",9.1,14.1,5.4,12.3,2.3,46.2,8.2,1.8,0.5
"0860 Hultsfred","2006",16.1,14.1,3.8,8.1,2.9,43.8,5.7,3.7,2.0
"0860 Hultsfred","2010",20.7,11.7,3.7,8.6,4.0,39.1,5.4,6.1,0.8
"0861 Mönsterås","2002",10.4,11.5,7.0,10.2,2.9,47.8,7.9,0.9,1.4
"0861 Mönsterås","2006",17.3,12.3,4.2,6.7,2.8,46.2,5.2,3.7,1.5
"0861 Mönsterås","2010",23.1,10.4,4.3,5.6,4.4,39.4,5.4,6.6,0.9
"0862 Emmaboda","2002",9.8,13.3,5.5,9.9,3.3,50.4,5.8,0.8,1.3
"0862 Emmaboda","2006",17.6,13.9,2.8,7.7,3.5,45.2,4.1,3.2,2.0
"0862 Emmaboda","2010",23.6,11.1,3.0,5.3,4.7,40.3,5.2,5.8,1.1
"0880 Kalmar","2002",15.4,6.1,11.4,9.9,4.7,42.9,7.1,0.7,1.8
"0880 Kalmar","2006",24.8,7.6,6.6,6.5,5.2,39.5,4.8,3.0,2.0
"0880 Kalmar","2010",29.7,6.5,6.2,5.5,7.9,32.9,4.8,5.4,1.1
"0881 Nybro","2002",10.8,11.6,7.0,11.0,2.3,46.8,7.6,0.5,2.6
"0881 Nybro","2006",18.9,12.0,3.6,7.0,2.7,44.3,5.3,3.0,3.2
"0881 Nybro","2010",24.5,9.9,3.6,6.1,4.0,38.6,6.1,5.8,1.4
"0882 Oskarshamn","2002",12.5,5.2,8.3,13.7,3.0,47.7,8.1,1.0,0.5
"0882 Oskarshamn","2006",21.2,6.0,4.9,8.5,2.8,44.3,6.8,4.0,1.6
"0882 Oskarshamn","2010",27.7,4.9,5.7,7.3,4.2,37.2,5.7,6.2,1.0
"0883 Västervik","2002",11.6,9.7,10.9,9.0,3.9,45.0,8.5,0.8,0.5
"0883 Västervik","2006",20.1,9.3,6.3,5.8,4.2,45.3,5.5,2.1,1.5
"0883 Västervik","2010",25.8,7.3,5.5,4.7,5.4,39.9,5.1,5.2,1.1
"0884 Vimmerby","2002",11.0,18.3,6.4,12.7,3.2,41.2,6.1,0.8,0.4
"0884 Vimmerby","2006",18.6,17.2,4.1,8.3,3.5,39.5,4.1,3.1,1.7
"0884 Vimmerby","2010",25.6,12.4,3.9,6.3,4.6,35.6,4.2,6.3,1.0
"0885 Borgholm","2002",16.0,21.3,8.7,14.5,4.0,28.6,5.7,0.5,0.8
"0885 Borgholm","2006",26.2,21.5,4.5,8.0,4.0,26.8,3.8,3.5,1.8
"0885 Borgholm","2010",31.7,16.8,5.0,7.3,6.2,23.3,3.6,5.2,1.0
"0980 Gotland","2002",14.0,15.6,7.9,6.5,5.5,40.8,8.5,0.6,0.5
"0980 Gotland","2006",21.6,19.3,4.3,3.8,6.3,34.9,6.0,1.6,2.3
"0980 Gotland","2010",25.2,14.6,4.6,2.9,8.4,33.3,6.1,3.2,1.7
"1060 Olofström","2002",8.2,6.3,9.4,9.0,2.8,51.9,8.7,3.2,0.4
"1060 Olofström","2006",14.5,6.9,5.3,5.2,2.4,51.6,6.3,6.1,1.6
"1060 Olofström","2010",18.9,6.1,3.7,4.5,3.6,47.0,5.6,9.8,0.8
"1080 Karlskrona","2002",13.8,6.1,12.4,9.9,4.0,43.7,7.2,2.6,0.3
"1080 Karlskrona","2006",23.6,7.1,7.5,5.8,4.1,40.0,4.5,5.9,1.6
"1080 Karlskrona","2010",28.7,5.6,6.5,4.3,5.6,35.3,4.4,8.9,0.8
"1081 Ronneby","2002",12.7,7.3,10.6,7.8,3.8,45.6,9.0,3.0,0.2
"1081 Ronneby","2006",21.4,9.0,5.9,4.5,3.4,41.7,6.2,5.9,2.1
"1081 Ronneby","2010",26.8,7.5,4.7,3.5,5.0,34.7,5.9,10.9,1.0
"1082 Karlshamn","2002",11.6,5.4,10.3,7.5,4.6,47.4,10.3,2.7,0.2
"1082 Karlshamn","2006",19.7,6.5,6.0,4.5,4.2,44.6,6.7,6.3,1.4
"1082 Karlshamn","2010",26.3,5.0,5.3,3.5,6.3,37.3,6.1,9.4,0.9
"1083 Sölvesborg","2002",18.6,5.1,9.4,8.7,3.0,45.1,7.1,2.7,0.4
"1083 Sölvesborg","2006",27.2,5.6,4.7,5.1,2.3,41.1,4.6,7.9,1.7
"1083 Sölvesborg","2010",31.5,4.8,4.1,4.0,4.1,34.4,4.0,12.2,0.9
"1214 Svalöv","2002",15.2,12.7,9.6,7.3,2.8,41.0,4.1,4.9,2.3
"1214 Svalöv","2006",22.9,13.8,5.9,4.3,3.0,35.7,3.0,9.7,1.7
"1214 Svalöv","2010",27.4,11.7,5.7,3.4,4.8,28.9,3.5,13.1,1.5
"1230 Staffanstorp","2002",20.7,3.9,14.7,7.0,2.4,41.7,3.3,3.6,2.7
"1230 Staffanstorp","2006",36.0,5.2,8.5,4.3,3.3,32.0,2.2,5.2,3.3
"1230 Staffanstorp","2010",42.5,5.1,8.1,3.8,5.1,22.4,2.1,8.7,2.3
"1231 Burlöv","2002",14.2,2.3,11.9,5.2,2.7,48.2,6.3,6.5,2.6
"1231 Burlöv","2006",24.7,3.2,7.4,3.3,3.1,42.3,4.3,8.0,3.7
"1231 Burlöv","2010",30.9,2.7,6.9,2.5,5.3,33.6,3.8,12.5,1.9
"1233 Vellinge","2002",38.6,2.3,18.4,7.9,1.9,23.8,1.4,3.3,2.3
"1233 Vellinge","2006",55.9,3.7,8.8,5.6,1.9,16.8,1.1,4.2,2.0
"1233 Vellinge","2010",59.1,4.3,8.7,6.2,3.2,9.4,0.9,7.0,1.4
"1256 Östra Göinge","2002",12.5,7.0,7.8,9.4,3.4,49.1,7.3,2.1,1.4
"1256 Östra Göinge","2006",18.5,8.2,5.7,7.0,2.7,46.0,3.7,5.9,2.4
"1256 Östra Göinge","2010",24.8,6.2,6.0,4.2,4.3,36.4,3.5,13.7,1.0
"1257 Örkelljunga","2002",17.8,7.3,10.1,21.4,2.5,32.0,3.7,3.0,2.2
"1257 Örkelljunga","2006",26.5,7.8,6.0,13.9,1.9,29.7,2.4,7.5,4.4
"1257 Örkelljunga","2010",29.4,6.6,5.9,11.5,4.1,25.7,3.0,12.4,1.5
"1260 Bjuv","2002",12.9,3.7,8.6,7.3,2.2,53.3,5.9,5.0,1.2
"1260 Bjuv","2006",20.7,4.4,4.9,4.3,2.0,48.2,3.0,10.3,2.3
"1260 Bjuv","2010",25.9,3.7,4.9,2.7,3.5,40.6,3.2,14.9,0.7
"1261 Kävlinge","2002",18.1,4.3,13.8,6.4,2.6,43.0,4.1,6.0,1.6
"1261 Kävlinge","2006",31.8,5.6,8.6,4.2,2.6,35.3,2.2,7.0,2.8
"1261 Kävlinge","2010",40.0,5.3,8.6,3.6,4.7,25.4,2.1,9.1,1.2
"1262 Lomma","2002",26.7,2.5,19.9,7.7,3.1,32.0,2.6,3.4,2.1
"1262 Lomma","2006",44.6,5.2,11.0,5.3,2.9,22.3,1.6,3.9,3.1
"1262 Lomma","2010",49.8,5.5,10.7,5.6,4.9,14.2,1.4,5.9,2.1
"1263 Svedala","2002",16.6,4.0,13.5,6.9,2.5,44.5,3.8,6.3,1.9
"1263 Svedala","2006",30.4,4.6,8.2,3.9,2.7,36.4,2.2,9.3,2.4
"1263 Svedala","2010",39.5,4.0,7.3,3.2,4.6,24.2,2.2,13.3,1.7
"1264 Skurup","2002",17.6,9.5,11.2,7.1,2.6,39.9,4.8,5.7,1.6
"1264 Skurup","2006",29.0,8.8,6.5,4.6,2.9,35.2,2.8,7.8,2.4
"1264 Skurup","2010",35.2,7.3,6.3,2.8,4.2,26.3,2.7,13.5,1.6
"1265 Sjöbo","2002",18.4,10.8,9.1,9.3,2.8,36.7,4.8,5.0,3.2
"1265 Sjöbo","2006",29.6,10.5,5.2,5.9,2.7,32.2,3.0,8.9,2.0
"1265 Sjöbo","2010",35.0,8.6,4.9,3.9,4.1,23.5,2.9,15.8,1.3
"1266 Hörby","2002",14.6,14.3,11.5,10.1,3.5,33.6,3.6,5.6,3.2
"1266 Hörby","2006",26.7,12.4,7.0,6.3,3.1,28.8,2.4,8.0,5.1
"1266 Hörby","2010",33.2,9.8,6.0,4.2,4.5,22.6,2.6,14.0,3.0
"1267 Höör","2002",17.0,7.7,13.1,9.1,4.7,35.4,4.9,4.4,3.6
"1267 Höör","2006",28.2,8.6,7.2,5.7,5.2,30.7,3.8,7.7,3.0
"1267 Höör","2010",34.6,6.2,7.2,4.6,7.4,22.8,3.7,11.5,1.8
"1270 Tomelilla","2002",18.4,12.0,9.7,8.1,3.2,37.4,5.3,5.0,0.9
"1270 Tomelilla","2006",27.6,11.8,5.2,5.3,3.3,32.7,3.2,8.4,2.5
"1270 Tomelilla","2010",31.1,9.8,4.5,2.9,4.9,28.3,3.0,13.4,2.1
"1272 Bromölla","2002",9.3,3.8,7.7,7.0,2.9,56.4,8.7,3.4,0.7
"1272 Bromölla","2006",15.9,4.7,5.5,4.5,2.3,51.9,5.8,7.4,2.1
"1272 Bromölla","2010",22.4,3.5,5.5,2.8,3.9,41.1,4.6,15.4,0.7
"1273 Osby","2002",10.9,9.1,8.3,11.4,3.2,46.0,7.2,3.0,0.8
"1273 Osby","2006",19.2,9.9,5.5,7.8,2.9,42.7,4.1,6.5,1.5
"1273 Osby","2010",24.5,9.1,4.7,5.5,5.3,34.4,3.0,12.8,0.6
"1275 Perstorp","2002",15.8,7.2,10.8,9.3,2.2,42.9,7.7,1.7,2.5
"1275 Perstorp","2006",23.5,7.1,5.6,5.8,1.7,40.9,5.4,6.1,4.0
"1275 Perstorp","2010",28.2,5.6,5.1,4.0,4.3,35.7,4.7,11.1,1.5
"1276 Klippan","2002",18.9,7.3,9.3,11.8,2.7,40.5,4.5,2.7,2.2
"1276 Klippan","2006",27.0,7.3,5.4,6.5,2.6,38.3,2.9,7.5,2.6
"1276 Klippan","2010",30.9,5.7,5.1,5.2,3.7,31.9,4.0,12.3,1.2
"1277 Åstorp","2002",17.8,4.4,8.5,9.7,2.2,47.3,5.3,3.8,1.1
"1277 Åstorp","2006",23.4,5.7,5.1,5.0,1.8,45.3,2.9,8.4,2.4
"1277 Åstorp","2010",29.0,4.4,4.7,3.8,3.9,38.5,2.7,11.9,1.1
"1278 Båstad","2002",27.1,11.3,15.4,14.9,3.6,21.4,3.1,2.5,0.6
"1278 Båstad","2006",41.8,12.7,7.7,8.4,3.7,18.2,1.8,3.6,2.1
"1278 Båstad","2010",44.1,12.1,7.4,7.2,5.5,15.3,1.9,5.6,0.9
"1280 Malmö","2002",16.5,1.2,13.8,5.3,4.3,42.4,7.6,3.8,5.3
"1280 Malmö","2006",28.5,2.9,8.9,3.5,6.1,35.2,5.5,5.0,4.6
"1280 Malmö","2010",32.6,2.8,7.0,3.1,8.8,28.7,6.0,7.8,3.2
"1281 Lund","2002",16.9,3.3,20.6,5.7,7.2,34.2,9.1,1.7,1.2
"1281 Lund","2006",29.8,7.2,12.3,4.4,9.1,25.7,5.9,2.5,3.0
"1281 Lund","2010",32.1,6.6,11.1,5.0,12.8,19.5,5.8,5.0,2.2
"1282 Landskrona","2002",16.4,2.2,13.6,5.7,2.5,44.4,6.3,6.2,2.7
"1282 Landskrona","2006",24.2,3.0,12.2,2.7,2.9,40.8,3.9,8.2,2.1
"1282 Landskrona","2010",28.2,2.5,11.7,2.5,4.3,35.8,4.1,9.9,1.0
"1283 Helsingborg","2002",18.8,2.1,15.1,8.4,3.6,39.0,5.9,4.0,3.0
"1283 Helsingborg","2006",31.5,3.8,8.7,5.0,4.1,33.2,3.5,6.3,3.9
"1283 Helsingborg","2010",36.2,3.3,7.9,4.4,6.5,27.7,3.4,9.0,1.5
"1284 Höganäs","2002",22.8,4.0,16.2,11.5,3.6,32.7,4.7,2.7,1.8
"1284 Höganäs","2006",37.3,5.8,8.4,7.8,4.0,27.2,2.4,4.2,2.9
"1284 Höganäs","2010",42.4,5.4,9.1,6.7,5.9,20.2,2.6,6.4,1.5
"1285 Eslöv","2002",14.1,9.4,10.8,5.9,3.2,45.6,5.2,4.5,1.3
"1285 Eslöv","2006",22.2,9.3,7.0,3.8,3.1,40.1,3.5,8.4,2.4
"1285 Eslöv","2010",29.6,6.9,7.0,2.8,4.8,32.2,3.2,11.8,1.6
"1286 Ystad","2002",19.7,5.9,11.6,6.4,2.9,44.0,4.6,2.9,1.8
"1286 Ystad","2006",31.7,6.4,6.5,5.1,3.3,36.8,2.7,4.6,3.0
"1286 Ystad","2010",37.9,5.7,6.5,3.5,5.5,28.4,2.6,8.4,1.5
"1287 Trelleborg","2002",15.0,4.1,9.8,7.1,2.8,48.1,4.1,4.9,4.0
"1287 Trelleborg","2006",23.8,4.9,6.4,5.9,2.8,39.8,2.6,9.0,4.9
"1287 Trelleborg","2010",34.1,4.0,5.8,3.7,3.9,30.6,2.5,13.8,1.7
"1290 Kristianstad","2002",16.7,4.9,14.0,9.1,3.8,41.6,5.9,2.3,1.6
"1290 Kristianstad","2006",26.4,7.5,9.8,4.7,3.7,36.5,3.8,4.4,3.2
"1290 Kristianstad","2010",31.6,5.4,9.0,3.8,5.5,28.6,3.3,11.8,1.0
"1291 Simrishamn","2002",19.8,9.0,11.9,9.1,3.9,35.7,6.7,2.5,1.4
"1291 Simrishamn","2006",30.9,9.7,6.1,6.7,4.8,30.2,3.5,4.4,3.7
"1291 Simrishamn","2010",36.2,7.4,6.1,4.6,6.8,26.5,3.4,7.6,1.3
"1292 Ängelholm","2002",24.0,5.8,13.6,12.4,3.8,31.9,4.0,2.3,2.1
"1292 Ängelholm","2006",35.8,7.1,7.2,7.4,3.7,27.5,2.7,4.7,4.0
"1292 Ängelholm","2010",40.7,6.5,6.5,5.8,6.0,22.6,2.7,7.6,1.5
"1293 Hässleholm","2002",15.1,8.8,10.5,13.0,4.1,38.5,5.6,3.5,0.9
"1293 Hässleholm","2006",25.3,9.4,6.1,8.6,3.7,35.0,3.4,6.4,2.1
"1293 Hässleholm","2010",29.0,8.0,5.9,5.8,6.0,28.3,3.2,12.9,0.9
"1315 Hylte","2002",11.5,17.3,9.0,8.7,2.9,42.3,4.6,1.1,2.7
"1315 Hylte","2006",21.7,15.7,5.1,6.8,2.8,38.5,3.3,4.1,2.0
"1315 Hylte","2010",25.5,12.7,6.6,5.1,3.8,34.5,3.2,6.9,1.6
"1380 Halmstad","2002",16.4,5.8,13.9,8.5,4.2,40.9,6.9,0.7,2.9
"1380 Halmstad","2006",27.7,6.8,7.8,6.1,4.3,36.1,4.4,2.6,4.2
"1380 Halmstad","2010",31.6,6.1,7.6,5.1,6.4,32.4,4.0,5.3,1.7
"1381 Laholm","2002",16.6,16.4,10.2,11.5,3.6,33.0,4.8,1.2,2.7
"1381 Laholm","2006",27.9,15.8,5.5,6.4,3.4,28.7,3.7,6.1,2.3
"1381 Laholm","2010",33.4,12.9,5.7,4.7,4.6,25.3,3.1,8.7,1.5
"1382 Falkenberg","2002",14.3,15.0,11.3,9.0,3.8,36.8,5.5,1.2,3.0
"1382 Falkenberg","2006",24.6,14.8,6.7,5.7,3.9,35.1,3.8,3.0,2.4
"1382 Falkenberg","2010",28.9,12.6,6.8,4.8,6.0,30.0,3.7,5.8,1.4
"1383 Varberg","2002",13.8,11.4,11.0,9.9,4.0,39.0,7.0,1.3,2.5
"1383 Varberg","2006",25.7,12.3,6.7,6.2,4.3,34.8,4.7,2.8,2.5
"1383 Varberg","2010",31.8,9.9,7.4,5.3,6.2,29.0,4.2,4.8,1.4
"1384 Kungsbacka","2002",24.5,5.9,19.8,12.1,3.8,26.2,4.7,1.2,1.9
"1384 Kungsbacka","2006",39.7,8.4,9.9,8.4,3.8,21.6,3.1,2.1,3.0
"1384 Kungsbacka","2010",45.5,7.4,9.7,7.3,5.7,15.9,2.6,4.6,1.3
"1401 Härryda","2002",17.2,3.9,18.9,9.6,5.1,34.2,7.7,1.5,1.7
"1401 Härryda","2006",29.6,6.9,10.7,7.4,5.5,29.2,5.4,2.7,2.6
"1401 Härryda","2010",36.3,6.0,10.5,6.4,7.6,21.9,4.6,5.6,1.2
"1402 Partille","2002",16.4,1.9,19.3,11.3,4.5,34.6,9.0,1.4,1.6
"1402 Partille","2006",28.3,4.6,10.7,8.4,5.2,30.4,6.1,2.8,3.4
"1402 Partille","2010",33.9,4.0,10.0,7.1,7.6,24.8,5.1,5.8,1.7
"1407 Öckerö","2002",18.8,1.8,13.4,27.3,3.7,27.7,6.2,0.7,0.4
"1407 Öckerö","2006",28.4,3.4,9.3,21.7,4.5,24.0,4.1,2.3,2.5
"1407 Öckerö","2010",36.2,2.8,8.2,19.3,5.9,18.9,3.1,4.5,1.1
"1415 Stenungsund","2002",16.0,5.1,16.5,11.3,4.2,37.3,6.8,1.3,1.6
"1415 Stenungsund","2006",27.8,7.4,9.0,7.3,5.0,31.4,5.1,2.6,4.3
"1415 Stenungsund","2010",36.1,5.9,8.6,6.2,7.1,25.8,4.2,4.9,1.3
"1419 Tjörn","2002",16.1,3.8,17.6,22.0,3.7,28.7,5.4,1.9,0.8
"1419 Tjörn","2006",29.5,6.3,11.1,15.9,4.2,24.8,4.0,2.0,2.2
"1419 Tjörn","2010",36.1,5.6,9.9,13.2,5.9,20.4,3.0,5.0,0.9
"1421 Orust","2002",14.6,9.3,14.6,11.3,4.6,35.6,8.1,1.3,0.5
"1421 Orust","2006",25.8,11.7,8.0,8.0,4.8,31.0,5.1,2.6,3.1
"1421 Orust","2010",33.9,8.8,8.3,6.3,6.4,25.6,4.7,4.7,1.2
"1427 Sotenäs","2002",19.1,4.6,15.0,10.7,3.4,39.2,5.9,1.0,1.2
"1427 Sotenäs","2006",30.2,6.4,10.3,9.7,3.3,31.7,3.7,2.2,2.7
"1427 Sotenäs","2010",39.1,4.6,8.2,8.0,4.3,27.2,3.7,4.2,0.7
"1430 Munkedal","2002",10.7,14.1,9.0,12.1,3.3,40.4,7.0,2.2,1.3
"1430 Munkedal","2006",20.1,14.2,5.9,8.0,3.3,38.3,4.7,3.3,2.2
"1430 Munkedal","2010",26.0,11.8,5.3,7.0,3.9,32.8,5.1,7.2,0.9
"1435 Tanum","2002",14.5,18.6,14.2,10.5,5.0,29.3,5.9,0.6,1.5
"1435 Tanum","2006",26.8,19.0,8.7,7.1,4.7,25.2,3.5,2.2,2.7
"1435 Tanum","2010",32.6,15.4,9.2,5.8,6.3,22.0,3.4,4.4,1.0
"1438 Dals-Ed","2002",10.8,17.9,6.4,17.2,3.7,37.9,4.3,0.3,1.6
"1438 Dals-Ed","2006",19.8,17.1,4.7,12.0,2.8,33.9,3.1,1.9,4.7
"1438 Dals-Ed","2010",27.2,15.8,4.6,9.2,3.7,28.4,3.9,6.1,1.0
"1439 Färgelanda","2002",9.2,19.5,10.8,10.0,2.0,39.8,6.1,1.6,0.9
"1439 Färgelanda","2006",17.5,18.7,6.3,5.6,2.1,38.1,3.7,4.2,3.6
"1439 Färgelanda","2010",24.5,14.9,4.9,5.2,3.0,34.1,4.1,8.6,0.8
"1440 Ale","2002",11.1,5.4,12.1,10.2,4.1,43.9,10.3,2.1,0.9
"1440 Ale","2006",21.2,7.0,7.2,7.1,4.2,40.0,7.2,3.9,2.2
"1440 Ale","2010",28.2,5.0,6.5,5.8,6.0,33.0,6.1,8.1,1.4
"1441 Lerum","2002",17.3,3.4,18.1,12.1,5.0,32.9,8.5,1.7,0.9
"1441 Lerum","2006",30.0,6.3,10.2,8.8,6.4,27.5,5.6,2.5,2.8
"1441 Lerum","2010",35.1,5.1,10.0,7.0,8.8,22.3,5.1,5.4,1.2
"1442 Vårgårda","2002",10.6,12.3,10.0,23.4,4.2,31.3,6.3,0.6,1.3
"1442 Vårgårda","2006",18.4,13.6,7.6,16.6,4.7,29.5,4.2,3.2,2.2
"1442 Vårgårda","2010",23.2,11.9,8.2,13.2,6.2,26.6,4.1,5.9,0.8
"1443 Bollebygd","2002",16.6,7.8,10.9,13.9,4.5,37.3,7.0,1.5,0.5
"1443 Bollebygd","2006",27.1,9.4,6.6,8.5,3.5,32.4,5.6,3.8,3.2
"1443 Bollebygd","2010",33.1,7.2,6.5,6.5,6.1,26.6,4.7,8.2,1.0
"1444 Grästorp","2002",18.3,17.0,9.4,12.3,2.9,33.2,5.2,1.2,0.4
"1444 Grästorp","2006",29.5,16.4,4.5,6.4,2.4,32.6,3.6,2.3,2.4
"1444 Grästorp","2010",31.6,14.1,5.2,4.2,3.6,30.5,3.5,6.3,1.0
"1445 Essunga","2002",17.8,18.7,8.7,12.3,2.7,33.0,5.7,0.3,0.9
"1445 Essunga","2006",27.4,18.2,4.6,7.5,3.0,29.8,4.3,2.9,2.2
"1445 Essunga","2010",31.4,12.6,5.0,6.4,4.2,29.3,3.9,6.2,1.0
"1446 Karlsborg","2002",13.6,10.2,9.5,12.4,3.2,43.5,6.2,0.5,0.9
"1446 Karlsborg","2006",22.1,13.5,6.1,7.4,2.8,39.4,3.8,2.6,2.3
"1446 Karlsborg","2010",26.9,11.0,7.7,6.5,4.3,33.6,3.4,5.8,0.7
"1447 Gullspång","2002",11.6,10.7,6.8,10.9,3.9,42.9,8.1,2.7,2.3
"1447 Gullspång","2006",17.8,11.2,4.7,7.0,3.0,43.1,5.3,3.7,4.3
"1447 Gullspång","2010",22.7,7.5,4.9,5.3,3.7,43.9,5.1,6.2,0.7
"1452 Tranemo","2002",12.3,15.4,8.9,11.8,3.3,42.1,5.0,0.9,0.3
"1452 Tranemo","2006",21.2,17.6,5.8,6.5,3.1,36.1,3.5,3.9,2.4
"1452 Tranemo","2010",26.7,14.1,5.9,5.5,4.9,32.0,3.1,6.9,0.9
"1460 Bengtsfors","2002",8.9,14.1,9.0,10.5,3.0,46.2,6.9,0.2,1.1
"1460 Bengtsfors","2006",16.6,14.4,4.9,6.9,4.1,42.8,5.5,2.1,2.8
"1460 Bengtsfors","2010",23.1,10.9,5.2,5.8,4.9,38.5,5.1,5.6,0.8
"1461 Mellerud","2002",12.7,15.3,9.6,13.4,3.1,35.7,6.3,1.9,2.0
"1461 Mellerud","2006",20.5,15.9,5.3,9.4,3.1,34.2,5.0,4.3,2.2
"1461 Mellerud","2010",26.5,13.3,6.1,6.4,4.5,29.7,5.0,7.7,0.7
"1462 Lilla Edet","2002",10.2,8.5,9.7,8.0,4.7,45.6,9.8,2.7,0.8
"1462 Lilla Edet","2006",17.7,9.1,5.4,5.5,3.8,42.5,7.9,5.2,3.0
"1462 Lilla Edet","2010",22.3,6.5,6.0,3.8,4.7,37.9,7.3,10.1,1.4
"1463 Mark","2002",11.1,10.5,9.5,12.1,4.1,42.8,8.1,1.0,0.9
"1463 Mark","2006",20.4,11.8,5.3,7.8,4.0,38.3,6.4,2.9,3.0
"1463 Mark","2010",24.5,9.3,7.5,6.7,5.7,34.0,5.6,5.8,0.9
"1465 Svenljunga","2002",13.7,15.2,10.4,12.7,3.3,38.2,4.8,0.9,0.8
"1465 Svenljunga","2006",24.0,16.3,6.2,7.7,2.2,34.2,2.6,2.9,4.0
"1465 Svenljunga","2010",29.0,14.1,6.5,5.2,3.8,29.3,3.1,7.9,1.0
"1466 Herrljunga","2002",12.1,16.0,9.8,17.1,3.5,32.7,6.6,1.2,1.0
"1466 Herrljunga","2006",21.3,15.5,6.9,10.6,3.2,31.0,4.9,3.6,3.0
"1466 Herrljunga","2010",24.7,13.0,7.2,9.0,5.3,27.2,4.9,7.9,0.7
"1470 Vara","2002",19.6,16.2,8.9,12.5,2.7,33.3,5.6,1.0,0.3
"1470 Vara","2006",28.6,16.0,4.9,7.8,2.3,32.1,4.1,2.2,1.9
"1470 Vara","2010",33.0,12.4,5.6,6.2,3.7,28.3,4.1,5.8,0.8
"1471 Götene","2002",11.6,10.9,9.1,14.0,3.9,40.5,8.0,1.0,1.0
"1471 Götene","2006",21.0,10.9,5.5,10.8,3.9,38.6,4.7,2.6,2.0
"1471 Götene","2010",25.5,8.7,6.2,8.2,6.4,34.5,4.9,4.8,0.9
"1472 Tibro","2002",11.9,8.1,10.7,14.3,3.5,42.5,7.2,0.8,1.0
"1472 Tibro","2006",19.7,9.8,7.0,10.3,2.9,40.3,4.6,3.3,2.3
"1472 Tibro","2010",23.4,7.3,7.2,10.0,4.4,36.4,4.3,6.4,0.6
"1473 Töreboda","2002",13.7,14.6,7.3,10.9,3.7,39.3,7.4,2.3,0.9
"1473 Töreboda","2006",21.2,14.0,4.0,6.9,3.1,39.9,5.2,3.0,2.7
"1473 Töreboda","2010",24.8,11.6,3.9,5.3,4.3,37.6,5.1,6.5,0.9
"1480 Göteborg","2002",17.4,1.9,18.0,8.6,6.5,33.2,11.9,1.6,1.0
"1480 Göteborg","2006",26.9,4.5,10.2,6.7,8.4,28.9,8.7,2.5,3.1
"1480 Göteborg","2010",30.4,3.8,8.4,6.1,10.7,25.2,8.5,4.9,1.9
"1481 Mölndal","2002",15.9,3.0,19.0,9.7,4.3,35.1,8.9,2.0,2.1
"1481 Mölndal","2006",27.8,5.6,11.6,7.6,5.5,29.9,6.1,3.3,2.5
"1481 Mölndal","2010",32.9,4.8,10.3,6.5,8.5,24.8,5.3,5.6,1.4
"1482 Kungälv","2002",15.1,6.0,14.9,12.1,4.0,38.4,7.5,1.2,0.7
"1482 Kungälv","2006",26.2,7.9,8.8,8.7,4.5,33.0,5.1,3.5,2.4
"1482 Kungälv","2010",33.2,6.6,9.1,7.1,6.3,26.0,4.4,6.2,1.0
"1484 Lysekil","2002",11.4,3.7,15.4,7.0,4.4,48.9,7.6,1.2,0.4
"1484 Lysekil","2006",20.7,4.8,10.2,6.0,4.7,42.9,5.5,2.5,2.7
"1484 Lysekil","2010",25.6,4.2,10.0,4.7,6.5,36.7,5.6,5.8,0.9
"1485 Uddevalla","2002",11.8,5.3,12.5,10.7,4.1,43.3,9.1,2.4,0.7
"1485 Uddevalla","2006",23.1,6.1,7.5,7.9,4.7,38.9,5.2,3.6,3.1
"1485 Uddevalla","2010",28.8,5.0,6.6,6.8,7.0,33.4,5.2,6.1,1.1
"1486 Strömstad","2002",13.9,13.8,12.8,7.6,5.3,38.5,6.8,0.6,0.7
"1486 Strömstad","2006",21.9,13.8,9.8,6.3,5.2,34.2,4.9,1.8,2.2
"1486 Strömstad","2010",29.3,10.9,8.6,5.2,8.5,28.0,4.2,4.5,0.8
"1487 Vänersborg","2002",11.2,7.5,11.3,10.3,4.3,44.0,9.6,0.9,0.9
"1487 Vänersborg","2006",19.4,8.5,6.8,7.5,4.8,42.0,5.9,2.6,2.5
"1487 Vänersborg","2010",26.0,5.7,7.5,5.4,7.1,34.0,6.7,6.3,1.2
"1488 Trollhättan","2002",11.5,4.5,11.3,7.7,3.9,49.9,8.8,2.1,0.3
"1488 Trollhättan","2006",18.8,5.6,6.8,5.5,4.3,49.6,5.4,2.0,2.1
"1488 Trollhättan","2010",24.1,3.7,7.4,4.4,6.7,42.0,5.8,4.9,1.0
"1489 Alingsås","2002",13.1,5.5,15.3,15.8,5.6,34.4,9.2,0.5,0.6
"1489 Alingsås","2006",22.7,8.1,9.7,10.4,6.7,31.5,6.4,2.4,2.2
"1489 Alingsås","2010",27.9,6.2,10.0,8.7,9.5,25.7,6.2,4.7,1.1
"1490 Borås","2002",15.2,4.3,11.6,11.7,3.8,42.2,8.2,1.5,1.6
"1490 Borås","2006",25.4,5.8,7.2,7.9,4.2,36.4,6.1,3.2,3.9
"1490 Borås","2010",29.1,4.7,7.7,6.2,6.5,31.9,5.6,7.1,1.3
"1491 Ulricehamn","2002",12.6,13.3,11.3,15.4,4.0,35.1,6.3,0.5,1.6
"1491 Ulricehamn","2006",24.0,14.7,5.7,9.8,4.2,30.7,4.0,2.9,4.0
"1491 Ulricehamn","2010",29.4,12.2,6.8,7.9,6.1,26.2,3.9,6.7,0.9
"1492 Åmål","2002",9.7,11.4,9.4,10.1,4.0,46.7,6.9,0.7,1.0
"1492 Åmål","2006",18.4,11.1,5.1,6.4,4.2,44.2,5.8,2.4,2.5
"1492 Åmål","2010",24.8,6.6,6.0,5.2,6.1,39.7,5.3,5.5,0.8
"1493 Mariestad","2002",13.1,6.2,10.1,11.3,4.4,43.6,8.8,1.7,0.7
"1493 Mariestad","2006",23.6,6.8,4.9,7.7,3.8,42.1,6.1,3.0,2.0
"1493 Mariestad","2010",28.1,5.3,5.6,5.7,6.1,37.1,5.9,5.2,1.0
"1494 Lidköping","2002",12.0,8.0,10.1,11.3,3.7,43.4,9.4,0.7,1.4
"1494 Lidköping","2006",22.4,8.8,5.4,8.8,4.3,39.5,6.4,2.8,1.8
"1494 Lidköping","2010",26.3,7.1,6.7,6.5,6.4,35.3,5.7,5.1,0.8
"1495 Skara","2002",14.8,9.0,10.3,10.5,4.0,42.2,7.8,0.8,0.5
"1495 Skara","2006",25.5,9.1,6.1,6.7,4.1,38.4,4.8,3.0,2.0
"1495 Skara","2010",29.4,7.3,5.8,5.5,6.3,34.4,4.6,5.6,1.1
"1496 Skövde","2002",14.6,7.5,12.2,11.7,3.9,40.9,7.1,1.0,1.0
"1496 Skövde","2006",25.4,8.8,6.7,7.4,4.0,37.5,5.0,3.0,2.1
"1496 Skövde","2010",30.3,7.5,7.3,6.3,6.3,31.0,4.7,5.2,1.3
"1497 Hjo","2002",15.0,8.4,11.3,15.1,3.7,37.7,6.9,0.9,0.9
"1497 Hjo","2006",25.7,9.1,5.9,10.1,4.4,35.5,4.4,3.0,2.0
"1497 Hjo","2010",28.8,7.3,7.5,8.4,6.6,30.8,4.6,5.2,0.8
"1498 Tidaholm","2002",10.0,8.3,8.4,11.4,3.2,49.2,8.4,0.8,0.4
"1498 Tidaholm","2006",17.3,8.6,4.2,7.2,3.0,48.7,5.6,3.3,2.0
"1498 Tidaholm","2010",22.0,6.8,5.0,5.1,4.8,43.8,5.4,6.2,0.8
"1499 Falköping","2002",14.3,12.0,8.5,14.8,4.0,37.4,6.9,1.5,0.6
"1499 Falköping","2006",22.4,12.6,4.5,9.6,3.6,36.1,4.8,4.2,2.2
"1499 Falköping","2010",27.8,9.3,5.2,7.8,5.3,31.2,4.7,7.8,0.9
"1715 Kil","2002",13.6,10.0,11.4,9.8,3.8,41.8,7.1,1.6,0.9
"1715 Kil","2006",21.0,11.0,6.0,6.5,3.4,41.7,5.2,3.3,1.9
"1715 Kil","2010",26.0,9.1,5.6,5.1,5.3,38.0,5.2,4.7,1.0
"1730 Eda","2002",8.8,13.3,8.2,8.1,2.6,49.8,7.0,0.9,1.0
"1730 Eda","2006",16.1,15.8,3.5,6.1,2.1,45.3,4.8,3.3,3.0
"1730 Eda","2010",22.7,12.3,3.7,4.0,2.8,43.0,4.6,5.7,1.1
"1737 Torsby","2002",15.7,12.7,5.9,5.4,2.9,43.6,11.6,1.2,1.0
"1737 Torsby","2006",21.4,11.7,3.2,3.9,2.4,44.7,8.3,2.9,1.4
"1737 Torsby","2010",24.3,8.8,3.5,3.1,2.8,44.3,7.2,4.2,1.8
"1760 Storfors","2002",9.3,7.3,7.7,7.3,3.1,52.6,10.4,1.2,1.2
"1760 Storfors","2006",15.5,8.4,3.6,4.5,2.2,52.3,8.6,2.8,2.0
"1760 Storfors","2010",18.0,6.4,3.3,3.9,3.5,50.8,7.3,5.7,1.1
"1761 Hammarö","2002",14.2,4.0,13.3,7.6,3.6,46.5,8.2,1.3,1.3
"1761 Hammarö","2006",25.0,5.6,7.0,6.6,4.0,41.9,5.7,2.3,1.9
"1761 Hammarö","2010",31.5,4.5,7.5,5.6,5.8,35.1,5.0,3.9,1.2
"1762 Munkfors","2002",6.1,8.6,7.0,4.1,3.0,59.3,9.6,1.8,0.5
"1762 Munkfors","2006",9.5,9.7,5.5,2.7,2.4,55.8,9.1,3.2,2.0
"1762 Munkfors","2010",11.8,7.3,5.9,2.9,2.6,56.1,6.6,4.9,1.9
"1763 Forshaga","2002",9.2,7.5,8.7,7.2,3.9,51.9,8.1,2.2,1.3
"1763 Forshaga","2006",16.3,7.6,5.0,5.3,3.1,51.2,5.7,3.6,2.1
"1763 Forshaga","2010",21.1,6.0,5.1,4.3,4.9,47.2,5.4,5.2,0.9
"1764 Grums","2002",8.8,9.6,5.8,7.5,2.1,54.7,8.8,0.9,1.8
"1764 Grums","2006",16.3,9.5,3.3,5.4,2.3,52.0,6.4,2.7,2.1
"1764 Grums","2010",20.9,7.3,3.8,3.4,3.7,48.8,5.3,5.4,1.3
"1765 Årjäng","2002",9.8,14.3,27.0,10.7,2.1,29.3,5.5,0.7,0.6
"1765 Årjäng","2006",19.3,18.7,8.2,10.0,2.3,31.9,4.6,2.9,2.0
"1765 Årjäng","2010",24.4,14.3,7.4,8.4,3.0,31.7,3.3,6.6,1.0
"1766 Sunne","2002",14.6,20.3,9.4,8.9,3.8,35.1,5.9,1.6,0.5
"1766 Sunne","2006",23.7,19.9,5.2,5.7,3.2,34.2,3.9,2.5,1.7
"1766 Sunne","2010",27.4,16.8,4.9,4.4,4.1,32.6,4.5,4.1,1.1
"1780 Karlstad","2002",15.2,5.7,14.2,8.7,4.9,40.0,8.0,1.4,2.0
"1780 Karlstad","2006",25.2,7.5,7.7,6.5,5.5,36.8,6.0,2.3,2.5
"1780 Karlstad","2010",29.9,5.5,7.5,5.3,8.0,32.9,5.5,4.2,1.2
"1781 Kristinehamn","2002",12.0,8.6,12.3,8.3,4.3,42.1,9.5,1.4,1.5
"1781 Kristinehamn","2006",20.6,8.6,6.4,5.5,3.6,43.6,7.3,2.5,1.9
"1781 Kristinehamn","2010",25.4,6.1,6.1,4.4,5.5,40.6,6.3,4.5,1.1
"1782 Filipstad","2002",8.2,5.6,7.3,5.8,3.3,53.8,12.3,1.4,2.2
"1782 Filipstad","2006",14.0,5.9,4.2,3.5,2.3,56.5,8.9,3.1,1.6
"1782 Filipstad","2010",18.6,3.8,4.1,2.8,3.6,51.8,8.2,6.2,0.9
"1783 Hagfors","2002",6.3,9.4,5.0,4.9,2.0,56.9,13.7,1.2,0.6
"1783 Hagfors","2006",11.7,8.3,3.1,3.1,1.8,55.8,11.1,3.7,1.5
"1783 Hagfors","2010",14.4,7.1,4.0,2.2,2.6,53.6,9.2,5.3,1.7
"1784 Arvika","2002",10.3,9.0,10.7,7.9,5.6,44.0,9.4,1.7,1.4
"1784 Arvika","2006",18.5,11.2,5.5,5.4,4.9,41.6,6.8,3.9,2.1
"1784 Arvika","2010",23.6,8.4,5.5,4.3,6.3,39.0,6.5,5.4,1.0
"1785 Säffle","2002",12.4,19.1,10.8,10.9,3.6,33.8,6.6,1.0,1.9
"1785 Säffle","2006",20.6,17.1,5.2,7.0,2.5,36.7,4.2,3.9,2.8
"1785 Säffle","2010",27.4,12.1,5.6,5.9,4.4,33.6,3.9,6.4,0.7
"1814 Lekeberg","2002",11.2,18.1,8.9,11.8,3.7,36.6,6.5,2.4,0.8
"1814 Lekeberg","2006",18.9,17.2,4.8,10.0,3.6,34.8,4.1,4.7,2.0
"1814 Lekeberg","2010",24.8,12.9,4.4,8.9,5.3,30.7,4.5,7.5,1.1
"1860 Laxå","2002",6.8,7.3,8.9,10.0,2.4,50.7,9.7,2.4,1.7
"1860 Laxå","2006",13.5,7.6,4.3,8.0,2.0,53.6,5.6,3.6,1.7
"1860 Laxå","2010",19.5,5.7,5.2,6.3,3.0,49.1,5.1,5.5,0.6
"1861 Hallsberg","2002",8.4,8.4,8.6,8.7,3.4,50.8,8.3,2.3,0.9
"1861 Hallsberg","2006",14.7,8.7,4.9,6.6,3.5,49.1,5.9,4.6,1.9
"1861 Hallsberg","2010",20.7,6.2,4.8,5.3,4.9,44.8,5.9,6.7,0.8
"1862 Degerfors","2002",5.1,5.3,6.0,5.2,2.5,60.8,13.3,0.9,0.7
"1862 Degerfors","2006",9.8,5.4,3.2,5.2,2.7,57.6,11.2,2.9,2.0
"1862 Degerfors","2010",13.8,4.1,3.1,4.5,4.9,52.7,10.8,5.4,0.6
"1863 Hällefors","2002",6.9,6.2,6.2,4.3,3.0,62.6,9.8,0.7,0.3
"1863 Hällefors","2006",12.6,7.6,2.7,3.0,2.7,57.5,8.6,3.5,1.9
"1863 Hällefors","2010",17.8,4.7,3.6,2.5,4.5,51.2,7.2,7.2,1.2
"1864 Ljusnarsberg","2002",7.2,10.8,6.0,6.2,3.4,51.8,12.3,1.7,0.7
"1864 Ljusnarsberg","2006",14.5,10.3,3.1,3.8,3.4,48.4,8.9,5.9,1.7
"1864 Ljusnarsberg","2010",19.4,5.5,3.2,3.6,4.5,44.4,7.9,9.6,1.9
"1880 Örebro","2002",12.1,4.6,14.2,10.2,5.2,41.8,9.0,1.8,1.3
"1880 Örebro","2006",21.0,6.3,8.7,8.1,6.0,38.0,6.0,3.5,2.4
"1880 Örebro","2010",26.0,4.8,7.6,7.0,8.1,34.1,5.8,5.5,1.1
"1881 Kumla","2002",10.2,7.2,9.3,10.4,3.1,48.5,7.9,2.2,1.1
"1881 Kumla","2006",16.5,7.4,6.1,8.9,2.9,47.3,4.7,4.4,1.8
"1881 Kumla","2010",23.4,5.2,6.3,6.9,4.7,41.1,4.2,7.2,1.0
"1882 Askersund","2002",11.1,10.6,8.8,9.4,3.2,45.5,8.6,2.1,0.8
"1882 Askersund","2006",18.6,10.9,5.2,7.4,3.5,43.9,5.4,3.7,1.3
"1882 Askersund","2010",25.6,8.1,4.9,6.0,4.9,39.4,4.6,5.8,0.7
"1883 Karlskoga","2002",11.3,2.8,9.6,6.6,2.9,54.6,8.9,1.2,2.0
"1883 Karlskoga","2006",19.8,4.2,4.7,5.3,3.2,49.4,6.4,3.0,4.0
"1883 Karlskoga","2010",23.2,3.1,5.3,4.8,5.4,46.3,5.3,4.7,1.9
"1884 Nora","2002",11.0,7.8,11.4,8.9,4.1,45.3,9.1,1.4,1.0
"1884 Nora","2006",18.5,9.0,6.7,6.2,4.6,43.1,5.5,4.1,2.3
"1884 Nora","2010",24.2,6.2,6.4,5.5,6.1,40.4,4.5,5.8,1.0
"1885 Lindesberg","2002",10.1,12.0,8.4,7.6,4.0,47.5,7.7,1.6,1.0
"1885 Lindesberg","2006",18.2,12.4,4.4,5.4,3.6,43.5,5.3,5.1,2.1
"1885 Lindesberg","2010",23.5,8.0,5.0,4.8,5.2,38.6,4.6,9.2,1.0
"1904 Skinnskatteberg","2002",7.8,8.3,6.8,5.3,3.9,53.6,12.9,0.6,0.9
"1904 Skinnskatteberg","2006",14.4,9.2,5.7,3.8,3.4,48.6,9.2,3.0,2.8
"1904 Skinnskatteberg","2010",17.4,6.4,7.8,2.9,5.3,45.3,7.4,6.7,0.9
"1907 Surahammar","2002",7.2,3.8,8.7,5.6,3.5,57.8,11.5,0.9,0.9
"1907 Surahammar","2006",14.4,4.8,5.9,4.2,3.1,54.0,8.4,2.5,2.8
"1907 Surahammar","2010",19.4,2.8,5.7,2.9,4.1,49.1,7.9,7.0,1.1
"1960 Kungsör","2002",12.2,8.9,11.7,8.5,3.6,45.3,8.3,0.5,1.1
"1960 Kungsör","2006",23.4,10.9,6.1,5.6,3.7,38.8,5.8,3.2,2.6
"1960 Kungsör","2010",27.3,6.9,7.0,4.8,5.0,35.3,5.6,7.1,1.0
"1961 Hallstahammar","2002",8.3,4.3,9.8,8.3,3.3,52.3,10.6,1.9,1.1
"1961 Hallstahammar","2006",16.0,5.3,5.9,7.2,3.7,49.1,7.5,2.8,2.4
"1961 Hallstahammar","2010",20.4,3.5,6.1,4.3,4.7,47.0,7.3,5.7,1.1
"1962 Norberg","2002",8.9,5.4,8.1,5.0,4.2,49.6,17.2,0.4,1.2
"1962 Norberg","2006",16.3,6.6,4.5,3.3,4.2,44.5,12.6,3.1,4.8
"1962 Norberg","2010",20.0,4.6,4.7,2.9,5.8,42.4,11.0,7.3,1.1
"1980 Västerås","2002",14.5,3.2,16.7,8.2,4.9,42.4,7.3,1.2,1.7
"1980 Västerås","2006",26.7,5.3,10.1,6.0,4.9,35.9,5.3,2.2,3.5
"1980 Västerås","2010",30.4,4.3,8.9,5.1,6.4,32.6,4.8,5.9,1.6
"1981 Sala","2002",11.8,12.8,11.3,9.6,4.3,40.8,7.4,1.2,0.8
"1981 Sala","2006",23.0,14.3,6.3,6.5,3.5,35.5,5.7,2.7,2.5
"1981 Sala","2010",26.3,11.3,6.0,4.9,5.9,33.5,4.8,6.4,1.0
"1982 Fagersta","2002",10.2,3.9,8.0,6.0,3.6,52.6,13.7,1.0,1.0
"1982 Fagersta","2006",17.8,4.4,5.1,4.6,3.0,49.9,9.4,2.3,3.3
"1982 Fagersta","2010",21.2,3.4,4.9,3.7,5.0,44.4,8.8,7.7,0.9
"1983 Köping","2002",11.0,7.0,10.3,6.8,3.3,48.8,9.9,0.9,2.1
"1983 Köping","2006",19.9,8.6,5.6,5.0,3.3,45.1,6.6,3.4,2.4
"1983 Köping","2010",23.5,6.4,5.3,3.9,5.1,41.0,6.8,7.0,1.0
"1984 Arboga","2002",11.7,6.9,12.3,8.4,5.3,44.3,8.9,1.0,1.3
"1984 Arboga","2006",21.1,8.8,6.6,5.2,3.9,42.1,6.4,2.4,3.5
"1984 Arboga","2010",26.4,5.8,6.8,4.5,6.2,37.6,5.7,6.0,1.0
"2021 Vansbro","2002",9.0,16.0,6.9,10.8,3.1,42.2,9.0,1.4,1.8
"2021 Vansbro","2006",16.6,15.9,3.6,9.3,2.3,39.2,7.4,2.9,2.7
"2021 Vansbro","2010",19.7,13.9,3.5,6.8,2.6,40.4,5.8,6.0,1.2
"2023 Malung-Sälen","2002",14.5,11.3,10.0,6.6,2.6,42.7,9.5,0.6,2.2
"2023 Malung-Sälen","2006",26.4,11.8,6.3,3.7,2.4,37.8,7.9,2.1,1.7
"2023 Malung-Sälen","2010",30.0,8.2,5.8,2.6,3.0,36.5,6.7,5.7,1.5
"2026 Gagnef","2002",9.9,15.1,8.9,10.6,4.5,40.4,7.3,0.8,2.5
"2026 Gagnef","2006",18.2,16.3,4.1,7.3,4.1,38.6,5.7,2.7,3.0
"2026 Gagnef","2010",23.7,12.3,4.1,5.7,6.1,34.9,5.0,7.3,1.1
"2029 Leksand","2002",12.5,14.1,10.2,13.1,4.8,34.9,7.7,0.8,1.9
"2029 Leksand","2006",25.5,13.6,5.0,10.5,4.9,31.3,4.8,1.5,2.9
"2029 Leksand","2010",31.4,9.4,5.3,8.8,6.5,28.9,4.1,4.0,1.5
"2031 Rättvik","2002",12.8,14.6,11.3,8.1,4.5,38.9,6.7,0.8,2.2
"2031 Rättvik","2006",22.2,15.3,5.7,5.5,4.1,36.0,4.1,2.5,4.5
"2031 Rättvik","2010",26.5,11.2,5.1,4.9,6.2,34.1,3.7,6.1,2.2
"2034 Orsa","2002",10.3,13.6,9.1,8.2,6.0,36.9,10.2,2.8,2.9
"2034 Orsa","2006",21.0,15.6,4.2,5.5,5.1,34.8,6.9,3.2,3.6
"2034 Orsa","2010",21.2,10.2,4.6,4.7,6.6,36.1,6.2,9.0,1.3
"2039 Älvdalen","2002",7.9,13.6,8.9,8.5,4.3,43.2,7.9,0.8,4.8
"2039 Älvdalen","2006",17.6,14.5,4.1,5.3,2.7,42.4,4.7,3.3,5.5
"2039 Älvdalen","2010",22.8,10.6,3.1,3.7,3.7,41.7,5.3,7.9,1.2
"2061 Smedjebacken","2002",9.4,6.6,6.9,5.1,3.7,55.1,11.5,0.5,1.1
"2061 Smedjebacken","2006",16.1,7.3,3.2,3.5,2.9,53.7,7.6,2.2,3.5
"2061 Smedjebacken","2010",19.7,5.1,3.4,2.7,4.1,50.9,6.7,6.4,1.1
"2062 Mora","2002",12.2,12.2,11.0,8.6,5.2,39.0,8.2,1.0,2.8
"2062 Mora","2006",23.3,13.6,4.9,4.8,4.8,36.3,5.2,1.8,5.3
"2062 Mora","2010",26.8,9.0,4.9,4.5,6.0,36.1,4.6,6.1,2.0
"2080 Falun","2002",15.3,8.4,12.5,7.5,5.6,38.4,8.6,1.1,2.7
"2080 Falun","2006",25.5,10.5,6.3,5.9,6.1,33.8,5.9,2.5,3.6
"2080 Falun","2010",28.9,8.0,5.7,5.0,8.1,31.5,5.5,5.5,1.8
"2081 Borlänge","2002",10.4,6.2,9.5,6.2,5.2,48.6,10.0,1.8,2.2
"2081 Borlänge","2006",18.8,7.3,5.7,4.4,4.4,45.5,7.1,3.6,3.2
"2081 Borlänge","2010",23.2,5.4,5.0,3.5,6.0,39.6,6.6,9.2,1.5
"2082 Säter","2002",11.7,15.6,8.3,8.5,4.0,39.3,9.8,0.9,1.9
"2082 Säter","2006",20.0,15.5,4.9,5.6,3.8,37.3,6.7,2.5,3.6
"2082 Säter","2010",26.2,11.7,4.6,4.2,4.9,33.8,5.6,7.8,1.2
"2083 Hedemora","2002",10.6,12.9,7.6,7.9,5.1,42.9,10.4,0.6,2.0
"2083 Hedemora","2006",19.5,12.1,4.1,5.3,4.7,40.8,7.4,3.1,3.0
"2083 Hedemora","2010",23.9,9.6,3.5,4.6,6.1,36.4,6.4,8.3,1.3
"2084 Avesta","2002",9.6,9.5,8.8,7.0,3.5,50.0,9.7,0.8,1.1
"2084 Avesta","2006",19.3,8.4,4.9,4.4,3.4,46.1,6.7,4.0,2.8
"2084 Avesta","2010",22.9,6.3,4.8,3.5,4.9,44.1,5.4,7.2,1.0
"2085 Ludvika","2002",8.9,4.6,7.7,5.9,3.9,53.9,13.2,1.1,0.9
"2085 Ludvika","2006",16.6,6.1,4.4,4.0,3.2,49.2,10.0,2.9,3.6
"2085 Ludvika","2010",20.7,3.9,5.0,3.3,5.1,45.1,8.2,7.6,1.1
"2101 Ockelbo","2002",6.7,15.4,6.6,5.9,2.8,46.9,13.4,0.8,1.4
"2101 Ockelbo","2006",14.9,16.8,3.1,4.0,3.2,44.5,9.2,2.0,2.2
"2101 Ockelbo","2010",19.8,12.5,3.4,2.9,5.4,41.0,6.1,7.8,1.0
"2104 Hofors","2002",6.5,5.1,7.7,4.3,3.3,56.4,15.4,1.2,0.2
"2104 Hofors","2006",13.7,5.9,5.4,2.8,3.2,51.0,11.4,4.0,2.6
"2104 Hofors","2010",15.5,4.0,5.0,2.0,4.2,49.7,11.0,7.4,1.3
"2121 Ovanåker","2002",7.4,23.2,8.0,13.8,3.7,35.7,6.8,0.3,1.0
"2121 Ovanåker","2006",13.1,22.9,4.4,11.4,2.7,37.0,4.1,2.0,2.4
"2121 Ovanåker","2010",18.9,15.7,3.6,10.0,4.2,37.8,3.6,5.2,0.9
"2132 Nordanstig","2002",7.0,20.0,7.9,8.6,4.5,39.4,9.2,0.7,2.7
"2132 Nordanstig","2006",14.2,19.5,5.0,5.2,3.5,38.3,7.1,3.7,3.6
"2132 Nordanstig","2010",18.8,11.4,5.6,4.9,4.6,37.7,7.0,8.5,1.5
"2161 Ljusdal","2002",8.2,14.6,9.0,7.4,4.4,41.8,12.9,0.9,0.8
"2161 Ljusdal","2006",19.2,14.5,4.4,4.9,3.9,38.8,8.4,3.1,2.7
"2161 Ljusdal","2010",24.1,9.5,4.4,3.6,5.2,37.0,7.4,6.9,1.9
"2180 Gävle","2002",11.8,4.4,12.9,7.4,5.0,46.5,10.0,1.5,0.6
"2180 Gävle","2006",22.2,6.2,7.1,4.9,5.4,40.6,7.5,3.3,2.8
"2180 Gävle","2010",27.2,4.6,6.8,3.8,7.5,34.6,6.8,7.4,1.2
"2181 Sandviken","2002",9.1,6.5,8.5,6.5,3.7,51.8,11.8,1.1,1.1
"2181 Sandviken","2006",17.5,7.8,5.0,4.5,3.3,47.5,8.9,2.4,3.1
"2181 Sandviken","2010",21.1,5.6,5.0,3.8,5.1,44.1,8.1,6.0,1.1
"2182 Söderhamn","2002",7.6,10.9,8.2,7.0,3.7,45.1,15.0,0.8,1.7
"2182 Söderhamn","2006",15.1,10.9,4.1,4.9,3.4,45.5,9.0,3.6,3.4
"2182 Söderhamn","2010",20.2,6.9,3.9,3.3,5.2,43.4,7.0,8.4,1.7
"2183 Bollnäs","2002",9.6,18.1,11.4,7.5,4.8,37.2,9.1,0.8,1.3
"2183 Bollnäs","2006",17.0,17.0,4.8,5.7,3.8,38.5,6.7,3.0,3.6
"2183 Bollnäs","2010",22.3,9.6,5.4,4.3,5.3,36.8,6.8,8.4,1.1
"2184 Hudiksvall","2002",8.1,15.0,7.8,7.1,5.6,42.6,11.8,0.6,1.4
"2184 Hudiksvall","2006",17.5,15.9,3.7,5.0,5.3,39.0,8.5,2.3,3.0
"2184 Hudiksvall","2010",21.8,10.1,4.1,4.4,7.2,37.0,8.1,5.7,1.6
"2260 Ånge","2002",7.0,12.6,6.2,6.4,3.3,50.1,12.0,1.0,1.4
"2260 Ånge","2006",14.0,12.1,3.4,5.0,2.6,48.6,8.5,3.3,2.5
"2260 Ånge","2010",18.9,7.7,3.2,2.9,3.1,49.8,6.9,5.9,1.6
"2262 Timrå","2002",5.4,8.3,8.0,5.9,2.3,55.0,12.5,1.5,1.2
"2262 Timrå","2006",12.6,8.7,4.6,4.4,2.8,53.4,7.7,3.5,2.3
"2262 Timrå","2010",18.5,5.5,4.9,2.9,3.8,49.8,7.3,6.0,1.3
"2280 Härnösand","2002",10.0,10.5,10.1,7.4,5.7,45.6,9.6,0.4,0.7
"2280 Härnösand","2006",19.1,11.5,5.0,4.9,5.7,39.4,7.0,2.2,5.2
"2280 Härnösand","2010",22.4,7.4,5.5,4.1,8.1,40.2,6.4,4.0,1.9
"2281 Sundsvall","2002",10.9,6.9,12.1,6.9,4.2,46.4,10.0,1.4,1.3
"2281 Sundsvall","2006",21.0,8.2,7.3,5.1,4.5,42.1,6.6,2.8,2.4
"2281 Sundsvall","2010",26.3,5.1,6.7,3.9,6.3,38.4,6.0,5.5,1.8
"2282 Kramfors","2002",6.8,13.9,5.4,5.8,3.7,51.0,12.6,0.4,0.5
"2282 Kramfors","2006",12.8,14.4,3.0,4.1,3.0,50.2,9.3,1.4,1.9
"2282 Kramfors","2010",15.7,9.9,3.1,3.4,4.6,50.5,8.4,3.1,1.3
"2283 Sollefteå","2002",6.8,9.9,5.7,7.4,4.1,53.4,11.5,0.7,0.6
"2283 Sollefteå","2006",13.0,10.5,4.0,4.6,3.6,51.1,9.1,2.2,1.9
"2283 Sollefteå","2010",15.5,6.4,3.5,2.7,4.5,52.3,7.0,4.5,3.5
"2284 Örnsköldsvik","2002",6.4,12.0,8.0,10.3,2.6,51.8,7.0,0.1,1.7
"2284 Örnsköldsvik","2006",14.9,13.0,4.4,8.4,2.8,49.2,4.0,1.0,2.3
"2284 Örnsköldsvik","2010",19.0,9.5,4.2,6.9,4.5,46.9,4.1,3.0,1.8
"2303 Ragunda","2002",7.7,18.0,4.0,3.2,3.2,49.4,12.0,0.2,2.4
"2303 Ragunda","2006",12.4,17.9,2.6,2.8,2.8,45.7,11.3,1.9,2.4
"2303 Ragunda","2010",14.7,13.8,1.8,1.5,3.5,50.6,8.0,3.8,2.2
"2305 Bräcke","2002",8.3,14.9,5.5,2.6,3.3,52.2,11.4,0.1,1.6
"2305 Bräcke","2006",15.0,14.9,3.0,2.2,3.2,48.2,9.7,1.3,2.6
"2305 Bräcke","2010",17.6,12.1,3.4,1.4,3.8,49.9,6.8,3.9,1.1
"2309 Krokom","2002",9.1,20.6,5.4,5.2,6.4,41.8,9.6,0.3,1.6
"2309 Krokom","2006",15.7,21.8,3.5,4.1,5.6,37.8,7.2,1.6,2.7
"2309 Krokom","2010",21.3,18.1,3.2,3.2,6.2,37.0,6.4,3.5,1.0
"2313 Strömsund","2002",6.5,15.3,4.7,4.3,3.1,50.8,13.3,0.3,1.7
"2313 Strömsund","2006",13.9,14.4,2.7,2.9,2.2,48.8,10.3,1.9,2.8
"2313 Strömsund","2010",17.6,10.7,2.3,2.1,2.9,50.6,8.2,4.8,0.8
"2321 Åre","2002",12.2,17.1,7.7,7.0,6.7,37.3,8.7,0.1,3.1
"2321 Åre","2006",23.2,18.8,4.3,5.0,6.8,31.6,6.3,1.5,2.5
"2321 Åre","2010",26.7,14.6,5.2,4.0,8.7,31.6,4.9,3.1,1.2
"2326 Berg","2002",8.6,22.1,5.4,6.8,5.3,39.0,10.0,0.3,2.5
"2326 Berg","2006",16.4,24.3,2.2,4.2,4.3,35.9,7.7,1.7,3.4
"2326 Berg","2010",21.4,17.5,2.7,2.6,5.3,39.4,5.3,4.6,1.2
"2361 Härjedalen","2002",9.8,11.6,6.1,4.7,3.7,50.2,12.2,0.3,1.5
"2361 Härjedalen","2006",17.2,12.9,4.7,3.8,2.3,45.7,8.2,2.7,2.5
"2361 Härjedalen","2010",22.2,9.4,3.8,2.3,3.8,44.6,6.0,7.0,0.8
"2380 Östersund","2002",11.1,13.2,9.2,5.2,5.8,43.2,11.0,0.3,1.1
"2380 Östersund","2006",19.0,15.8,5.0,3.8,6.2,38.2,8.1,1.3,2.6
"2380 Östersund","2010",23.9,11.7,4.5,3.1,8.1,37.8,6.6,3.1,1.2
"2401 Nordmaling","2002",7.5,14.5,9.0,10.1,2.3,48.3,7.5,0.2,0.7
"2401 Nordmaling","2006",11.8,15.8,8.3,6.5,2.5,46.2,6.1,1.5,1.4
"2401 Nordmaling","2010",17.3,10.6,6.7,5.4,3.3,45.5,7.2,3.3,0.7
"2403 Bjurholm","2002",14.1,20.0,10.5,10.2,0.9,39.0,4.0,0.2,1.0
"2403 Bjurholm","2006",19.2,20.0,9.7,8.4,2.2,35.7,3.2,0.3,1.3
"2403 Bjurholm","2010",26.6,14.1,8.1,6.5,1.9,36.1,3.6,2.4,0.6
"2404 Vindeln","2002",8.6,19.9,9.5,11.3,2.3,39.5,7.4,0.3,1.3
"2404 Vindeln","2006",16.4,19.4,5.9,8.5,2.4,39.2,4.7,1.2,2.3
"2404 Vindeln","2010",20.3,13.0,5.8,6.7,3.1,41.1,5.8,3.2,1.0
"2409 Robertsfors","2002",5.7,30.4,5.4,8.9,2.1,38.8,8.0,0.2,0.5
"2409 Robertsfors","2006",9.9,28.1,3.9,6.4,3.1,39.6,6.2,0.8,2.1
"2409 Robertsfors","2010",13.5,20.7,3.8,5.9,4.3,40.8,7.4,2.4,1.1
"2417 Norsjö","2002",4.1,19.6,6.7,9.0,1.7,44.1,13.7,0.1,1.0
"2417 Norsjö","2006",7.3,15.4,4.6,9.1,1.6,49.4,9.6,1.0,2.0
"2417 Norsjö","2010",11.3,9.9,5.5,5.9,2.7,48.4,12.5,2.3,1.4
"2418 Malå","2002",6.1,9.0,8.5,7.2,2.0,48.8,17.3,0.1,0.9
"2418 Malå","2006",10.4,8.9,6.3,5.3,1.4,54.2,11.0,0.7,1.8
"2418 Malå","2010",14.5,3.5,6.7,4.2,2.6,52.5,12.7,2.7,0.7
"2421 Storuman","2002",8.2,13.7,8.0,11.4,3.6,42.3,10.0,0.3,2.4
"2421 Storuman","2006",15.6,12.4,6.3,9.9,2.7,40.9,8.4,1.2,2.7
"2421 Storuman","2010",18.2,9.7,5.5,7.6,3.5,42.2,8.9,3.3,1.2
"2422 Sorsele","2002",5.6,15.3,6.4,11.7,4.7,44.1,9.4,0.5,2.3
"2422 Sorsele","2006",12.7,17.9,4.2,9.3,2.9,41.3,8.1,1.4,2.3
"2422 Sorsele","2010",15.3,11.4,3.5,7.5,3.3,42.4,11.9,4.0,0.8
"2425 Dorotea","2002",3.8,12.6,9.2,4.6,1.8,55.1,11.0,0.3,1.7
"2425 Dorotea","2006",8.7,12.5,8.6,3.2,1.0,54.6,9.0,1.0,1.3
"2425 Dorotea","2010",11.4,9.3,7.5,2.6,0.8,54.6,9.5,2.9,1.4
"2460 Vännäs","2002",5.5,18.6,6.9,8.9,3.2,44.8,11.5,0.4,0.2
"2460 Vännäs","2006",12.5,18.2,4.4,7.1,4.3,42.5,8.3,0.9,1.8
"2460 Vännäs","2010",18.3,11.3,5.3,5.4,5.0,40.8,10.4,2.6,0.9
"2462 Vilhelmina","2002",3.2,12.7,8.7,11.4,3.3,48.2,10.2,0.6,1.7
"2462 Vilhelmina","2006",8.9,12.9,6.0,10.0,2.3,47.0,8.9,1.4,2.5
"2462 Vilhelmina","2010",11.6,6.7,4.7,6.1,2.8,51.8,8.4,4.3,3.6
"2463 Åsele","2002",5.2,17.2,5.8,6.0,1.9,52.4,9.1,0.4,2.0
"2463 Åsele","2006",9.9,16.3,4.8,6.5,1.1,50.6,7.0,1.6,2.3
"2463 Åsele","2010",13.6,9.6,5.8,5.4,1.8,51.2,7.4,3.9,1.1
"2480 Umeå","2002",7.8,8.6,11.8,7.5,6.5,43.9,12.6,0.3,1.0
"2480 Umeå","2006",16.5,10.5,6.9,5.6,9.1,38.6,8.6,0.9,3.3
"2480 Umeå","2010",20.9,6.8,6.6,4.8,10.5,35.3,11.1,2.3,1.8
"2481 Lycksele","2002",5.5,8.4,10.9,10.9,2.1,50.6,9.9,0.4,1.4
"2481 Lycksele","2006",12.2,8.7,6.1,9.3,2.7,50.1,7.3,1.7,1.9
"2481 Lycksele","2010",16.8,4.4,5.1,8.1,3.3,49.3,8.6,3.6,0.6
"2482 Skellefteå","2002",5.0,10.2,9.5,8.5,3.6,50.7,11.5,0.4,0.7
"2482 Skellefteå","2006",11.0,10.1,6.0,6.3,4.3,50.3,8.9,1.4,1.8
"2482 Skellefteå","2010",14.3,6.0,5.7,5.3,5.8,49.6,9.5,2.9,0.9
"2505 Arvidsjaur","2002",5.1,7.5,5.4,4.3,1.9,53.9,14.5,0.0,7.4
"2505 Arvidsjaur","2006",10.5,7.5,3.9,2.1,1.7,57.5,12.5,1.0,3.3
"2505 Arvidsjaur","2010",13.4,7.2,4.1,2.0,2.6,54.0,11.1,4.5,1.1
"2506 Arjeplog","2002",3.9,9.3,5.5,5.7,4.5,45.8,14.8,0.0,10.6
"2506 Arjeplog","2006",10.7,10.3,6.1,4.8,3.2,45.0,14.5,1.7,3.7
"2506 Arjeplog","2010",14.5,5.8,5.9,4.9,4.6,46.7,11.7,4.9,1.1
"2510 Jokkmokk","2002",4.1,3.2,5.4,3.7,8.7,45.3,13.5,0.0,15.9
"2510 Jokkmokk","2006",10.8,5.5,5.8,2.3,6.5,47.8,14.7,1.0,5.4
"2510 Jokkmokk","2010",13.6,3.8,5.0,1.9,7.7,52.6,10.4,3.7,1.2
"2513 Överkalix","2002",3.6,9.3,3.2,3.5,3.3,53.7,13.1,0.2,10.2
"2513 Överkalix","2006",7.1,11.4,2.5,2.6,2.1,58.5,12.6,0.8,2.4
"2513 Överkalix","2010",8.1,9.1,3.0,1.4,2.4,61.0,10.8,3.7,0.6
"2514 Kalix","2002",6.4,6.2,4.9,4.0,8.8,53.4,10.1,0.2,6.0
"2514 Kalix","2006",10.3,7.0,3.3,3.3,4.7,59.9,7.0,1.7,2.7
"2514 Kalix","2010",14.1,4.9,3.7,2.2,5.3,59.3,6.4,3.5,0.5
"2518 Övertorneå","2002",6.4,11.8,2.6,6.1,3.1,36.8,12.8,0.1,20.2
"2518 Övertorneå","2006",12.7,14.9,3.2,4.6,2.7,43.9,11.7,1.0,5.3
"2518 Övertorneå","2010",13.5,11.4,2.8,3.4,2.6,52.2,10.5,3.4,0.4
"2521 Pajala","2002",5.0,4.2,2.2,7.9,2.5,35.5,19.5,0.0,23.0
"2521 Pajala","2006",10.0,4.8,2.2,5.6,2.1,45.9,22.8,1.4,5.2
"2521 Pajala","2010",12.6,3.2,2.1,5.5,2.1,51.3,18.8,3.9,0.4
"2523 Gällivare","2002",7.0,1.9,4.0,3.4,4.9,41.9,16.6,0.8,19.5
"2523 Gällivare","2006",11.9,2.6,2.4,2.8,2.9,52.8,17.8,2.3,4.4
"2523 Gällivare","2010",14.2,1.7,2.3,2.4,3.8,55.9,13.6,5.0,1.2
"2560 Älvsbyn","2002",4.0,7.5,4.0,6.2,2.4,53.6,15.0,0.2,7.2
"2560 Älvsbyn","2006",7.8,8.6,3.1,4.7,2.1,56.7,11.3,1.6,4.4
"2560 Älvsbyn","2010",10.8,6.2,4.0,3.5,2.7,54.7,11.7,5.2,1.3
"2580 Luleå","2002",9.9,4.8,9.8,5.8,6.2,47.0,11.6,0.2,4.7
"2580 Luleå","2006",17.0,6.6,6.0,4.4,5.7,47.0,8.5,1.3,3.5
"2580 Luleå","2010",20.1,5.0,5.7,3.5,7.2,45.9,7.7,3.5,1.5
"2581 Piteå","2002",4.7,6.1,6.2,6.4,4.0,55.5,11.9,0.4,4.8
"2581 Piteå","2006",10.5,7.1,4.0,5.1,3.8,56.7,8.5,0.8,3.6
"2581 Piteå","2010",13.9,4.9,4.2,4.0,5.3,56.4,8.0,2.4,0.9
"2582 Boden","2002",10.0,3.9,6.8,5.2,5.0,47.3,11.6,0.2,10.0
"2582 Boden","2006",18.0,5.5,4.2,4.7,2.9,48.9,8.8,1.8,5.1
"2582 Boden","2010",20.9,3.6,4.7,3.2,4.2,49.8,7.9,4.6,1.0
"2583 Haparanda","2002",11.5,10.8,3.9,5.5,4.2,44.8,9.8,0.2,9.2
"2583 Haparanda","2006",17.2,12.3,2.3,3.7,2.1,51.4,6.3,1.4,3.5
"2583 Haparanda","2010",17.2,7.3,1.5,2.6,2.3,60.4,4.3,3.8,0.5
"2584 Kiruna","2002",4.5,1.9,4.2,3.9,5.3,40.9,14.8,0.5,24.0
"2584 Kiruna","2006",9.5,3.3,3.1,3.9,3.7,51.8,15.0,2.4,7.2
"2584 Kiruna","2010",13.2,2.6,3.2,3.2,5.2,51.7,14.0,5.7,1.1
